titulo,url,tipo,fechas,lugar
Talleres creativos en idioma serbio,/portales/munimadrid/es/Inicio/Cultura-ocio-y-deporte/Talleres-creativos-en-idioma-serbio/?vgnextfmt=default&vgnextoid=394cdaa14d721910VgnVCM2000001f4a900aRCRD&vgnextchannel=7911f073808fe410VgnVCM2000000c205a0aRCRD,CURSOS Y TALLERES,"Del domingo 22 de septiembre de 2024
al domingo 22 de junio de 2025",Biblioteca Pública Municipal Iván de Vargas (Centro). CENTRO
Tertulias en Inglés (infantil) Biblioteca Vallecas,/portales/munimadrid/es/Inicio/Cultura-ocio-y-deporte/Tertulias-en-Ingles-infantil-Biblioteca-Vallecas/?vgnextfmt=default&vgnextoid=eec46c112bc41910VgnVCM2000001f4a900aRCRD&vgnextchannel=7911f073808fe410VgnVCM2000000c205a0aRCRD,CURSOS Y TALLERES,"Del miércoles 25 de septiembre de 2024
al miércoles 11 de junio de 2025",Biblioteca Pública Municipal Vallecas (Puente de Vallecas). PUENTE DE VALLECAS
Club de lectura (infantil) Biblioteca David Gistau,/portales/munimadrid/es/Inicio/Cultura-ocio-y-deporte/Club-de-lectura-infantil-Biblioteca-David-Gistau/?vgnextfmt=default&vgnextoid=0c4bf9ea99e61910VgnVCM2000001f4a900aRCRD&vgnextchannel=7911f073808fe410VgnVCM2000000c205a0aRCRD,"CLUBES DE LECTURA, 
            
            CURSOS Y TALLERES","Del lunes 30 de septiembre de 2024
al lunes 9 de junio de 2025",Biblioteca Pública Municipal David Gistau (Salamanca). SALAMANCA
Taller de cómic (Infantil) Biblioteca Pozo del Tío Raimundo,/portales/munimadrid/es/Inicio/Cultura-ocio-y-deporte/Taller-de-comic-Infantil-Biblioteca-Pozo-del-Tio-Raimundo/?vgnextfmt=default&vgnextoid=fbc06ac373051910VgnVCM2000001f4a900aRCRD&vgnextchannel=7911f073808fe410VgnVCM2000000c205a0aRCRD,CURSOS Y TALLERES,"Del lunes 30 de septiembre de 2024
al lunes 2 de junio de 2025",Biblioteca Pública Municipal Pozo del Tío Raimundo (Puente de Vallecas). PUENTE DE VALLECAS
Club de lectura (infantil) Biblioteca San Fermín,/portales/munimadrid/es/Inicio/Cultura-ocio-y-deporte/Club-de-lectura-infantil-Biblioteca-San-Fermin/?vgnextfmt=default&vgnextoid=6304ee4e073b2910VgnVCM1000001d4a900aRCRD&vgnextchannel=7911f073808fe410VgnVCM2000000c205a0aRCRD,"CLUBES DE LECTURA, 
            
            CURSOS Y TALLERES","Del miércoles 2 de octubre de 2024
al miércoles 18 de junio de 2025",Biblioteca Pública Municipal San Fermín (Usera). USERA
Taller de ajedrez avanzado (Infantil-juvenil) Biblioteca Gabriel Gª Márquez,/portales/munimadrid/es/Inicio/Cultura-ocio-y-deporte/Taller-de-ajedrez-avanzado-Infantil-juvenil-Biblioteca-Gabriel-G-Marquez/?vgnextfmt=default&vgnextoid=3e7958cef3391910VgnVCM2000001f4a900aRCRD&vgnextchannel=7911f073808fe410VgnVCM2000000c205a0aRCRD,CURSOS Y TALLERES,"Del miércoles 2 de octubre de 2024
al miércoles 11 de junio de 2025",Biblioteca Pública Municipal Gabriel García Márquez (Usera). USERA
Taller de juegos (infantil) Biblioteca Francisco Ayala,/portales/munimadrid/es/Inicio/Cultura-ocio-y-deporte/Taller-de-juegos-infantil-Biblioteca-Francisco-Ayala/?vgnextfmt=default&vgnextoid=3bce32fa46a61910VgnVCM1000001d4a900aRCRD&vgnextchannel=7911f073808fe410VgnVCM2000000c205a0aRCRD,CURSOS Y TALLERES,"Del miércoles 2 de octubre de 2024
al miércoles 28 de mayo de 2025",Biblioteca Pública Municipal Francisco Ayala (Vicálvaro). VICALVARO
Ludoteca en Centro Cultural  Miguel Hernández,/portales/munimadrid/es/Inicio/Cultura-ocio-y-deporte/Ludoteca-en-Centro-Cultural-Miguel-Hernandez/?vgnextfmt=default&vgnextoid=424529ae67e9e810VgnVCM2000001f4a900aRCRD&vgnextchannel=7911f073808fe410VgnVCM2000000c205a0aRCRD,Sin tipo,"Del viernes 4 de octubre de 2024
al sábado 28 de junio de 2025",Centro Cultural Miguel Hernández (Latina). LATINA
Ludoteca en Centro Cultural Sara Montiel,/portales/munimadrid/es/Inicio/Cultura-ocio-y-deporte/Ludoteca-en-Centro-Cultural-Sara-Montiel/?vgnextfmt=default&vgnextoid=4f9000e8cdd9e810VgnVCM2000001f4a900aRCRD&vgnextchannel=7911f073808fe410VgnVCM2000000c205a0aRCRD,Sin tipo,"Del viernes 4 de octubre de 2024
al sábado 28 de junio de 2025",Centro Cultural Sara Montiel (Latina). LATINA
Ludoteca en Centro Sociocultural El Greco,/portales/munimadrid/es/Inicio/Cultura-ocio-y-deporte/Ludoteca-en-Centro-Sociocultural-El-Greco/?vgnextfmt=default&vgnextoid=4a5029ae67e9e810VgnVCM2000001f4a900aRCRD&vgnextchannel=7911f073808fe410VgnVCM2000000c205a0aRCRD,Sin tipo,"Del viernes 4 de octubre de 2024
al sábado 28 de junio de 2025",Centro Sociocultural El Greco (Latina). LATINA
Ludoteca en Centro Cultural Fernando de los Ríos,/portales/munimadrid/es/Inicio/Cultura-ocio-y-deporte/Ludoteca-en-Centro-Cultural-Fernando-de-los-Rios/?vgnextfmt=default&vgnextoid=c62cdfaf0ae9e810VgnVCM2000001f4a900aRCRD&vgnextchannel=7911f073808fe410VgnVCM2000000c205a0aRCRD,Sin tipo,"Del viernes 4 de octubre de 2024
al sábado 28 de junio de 2025",Centro Cultural Fernando de los Ríos (Latina). LATINA
Ludoteca en Centro Sociocultural Almirante Churruca,/portales/munimadrid/es/Inicio/Cultura-ocio-y-deporte/Ludoteca-en-Centro-Sociocultural-Almirante-Churruca/?vgnextfmt=default&vgnextoid=eb0e29ae67e9e810VgnVCM2000001f4a900aRCRD&vgnextchannel=7911f073808fe410VgnVCM2000000c205a0aRCRD,Sin tipo,"Del viernes 4 de octubre de 2024
al sábado 28 de junio de 2025",Centro Sociocultural Almirante Churruca (Latina). LATINA
Ludoteca en Centro Cultural José Luis Sampedro,/portales/munimadrid/es/Inicio/Cultura-ocio-y-deporte/Ludoteca-en-Centro-Cultural-Jose-Luis-Sampedro/?vgnextfmt=default&vgnextoid=88f129ae67e9e810VgnVCM2000001f4a900aRCRD&vgnextchannel=7911f073808fe410VgnVCM2000000c205a0aRCRD,Sin tipo,"Del viernes 4 de octubre de 2024
al sábado 28 de junio de 2025",Centro Cultural José Luis Sampedro (Latina). LATINA
Taller de cómic (juvenil) Biblioteca Iván de Vargas,/portales/munimadrid/es/Inicio/Cultura-ocio-y-deporte/Taller-de-comic-juvenil-Biblioteca-Ivan-de-Vargas/?vgnextfmt=default&vgnextoid=fb9a63238a0b3910VgnVCM1000001d4a900aRCRD&vgnextchannel=7911f073808fe410VgnVCM2000000c205a0aRCRD,CURSOS Y TALLERES,"Del sábado 5 de octubre de 2024
al sábado 7 de junio de 2025",Biblioteca Pública Municipal Iván de Vargas (Centro). CENTRO
Ludoteca en Centro Sociocultural Rosario Acuña,/portales/munimadrid/es/Inicio/Cultura-ocio-y-deporte/Ludoteca-en-Centro-Sociocultural-Rosario-Acuna/?vgnextfmt=default&vgnextoid=109ddfaf0ae9e810VgnVCM2000001f4a900aRCRD&vgnextchannel=7911f073808fe410VgnVCM2000000c205a0aRCRD,Sin tipo,"Del sábado 5 de octubre de 2024
al sábado 28 de junio de 2025",Centro Sociocultural Rosario de Acuña (Latina). LATINA
Ludotecas en Centro Sociocultural Latina,/portales/munimadrid/es/Inicio/Cultura-ocio-y-deporte/Ludotecas-en-Centro-Sociocultural-Latina/?vgnextfmt=default&vgnextoid=59c61197cb41f810VgnVCM1000001d4a900aRCRD&vgnextchannel=7911f073808fe410VgnVCM2000000c205a0aRCRD,Sin tipo,"Del sábado 5 de octubre de 2024
al sábado 28 de junio de 2025",Sin lugar
Taller de juegos (infantil) Biblioteca Gabriel Gª Márquez,/portales/munimadrid/es/Inicio/Cultura-ocio-y-deporte/Taller-de-juegos-infantil-Biblioteca-Gabriel-G-Marquez/?vgnextfmt=default&vgnextoid=3a1f32fa46a61910VgnVCM1000001d4a900aRCRD&vgnextchannel=7911f073808fe410VgnVCM2000000c205a0aRCRD,CURSOS Y TALLERES,"Del jueves 17 de octubre de 2024
al jueves 29 de mayo de 2025",Biblioteca Pública Municipal Gabriel García Márquez (Usera). USERA
Club de lectura (infantil) Biblioteca María Lejárraga,/portales/munimadrid/es/Inicio/Cultura-ocio-y-deporte/Club-de-lectura-infantil-Biblioteca-Maria-Lejarraga/?vgnextfmt=default&vgnextoid=03cbf9ea99e61910VgnVCM2000001f4a900aRCRD&vgnextchannel=7911f073808fe410VgnVCM2000000c205a0aRCRD,"CLUBES DE LECTURA, 
            
            CURSOS Y TALLERES","Del jueves 24 de octubre de 2024
al jueves 19 de junio de 2025",Biblioteca Pública Municipal María Lejárraga (Hortaleza). HORTALEZA
Coder Dojo · Grupo de trabajo 2024-2025,/portales/munimadrid/es/Inicio/Cultura-ocio-y-deporte/Coder-Dojo-Grupo-de-trabajo-2024-2025/?vgnextfmt=default&vgnextoid=8c98b60f928d2910VgnVCM1000001d4a900aRCRD&vgnextchannel=7911f073808fe410VgnVCM2000000c205a0aRCRD,CURSOS Y TALLERES,"Del sábado 16 de noviembre de 2024
al sábado 26 de julio de 2025",Matadero Medialab. ARGANZUELA
Taller de cómic (Infantil) Biblioteca José Hierro,/portales/munimadrid/es/Inicio/Cultura-ocio-y-deporte/Taller-de-comic-Infantil-Biblioteca-Jose-Hierro/?vgnextfmt=default&vgnextoid=fcd9ecedfd123910VgnVCM2000001f4a900aRCRD&vgnextchannel=7911f073808fe410VgnVCM2000000c205a0aRCRD,CURSOS Y TALLERES,"Del lunes 25 de noviembre de 2024
al lunes 19 de mayo de 2025",Biblioteca Pública Municipal José Hierro (San Blas-Canillejas). SAN BLAS-CANILLEJAS
Clases de árabe para niños,/portales/munimadrid/es/Inicio/Cultura-ocio-y-deporte/Clases-de-arabe-para-ninos/?vgnextfmt=default&vgnextoid=60ceedb3e8133910VgnVCM1000001d4a900aRCRD&vgnextchannel=7911f073808fe410VgnVCM2000000c205a0aRCRD,"CURSOS Y TALLERES, 
            
            IDIOMAS","Del viernes 13 de diciembre de 2024
al viernes 30 de mayo de 2025",Biblioteca Pública Municipal San Fermín (Usera). USERA
Taller de cómic (Infantil) Biblioteca María Zambrano,/portales/munimadrid/es/Inicio/Cultura-ocio-y-deporte/Taller-de-comic-Infantil-Biblioteca-Maria-Zambrano/?vgnextfmt=default&vgnextoid=5c9ec45e58724910VgnVCM2000001f4a900aRCRD&vgnextchannel=7911f073808fe410VgnVCM2000000c205a0aRCRD,CURSOS Y TALLERES,"Del miércoles 8 de enero de 2025
al miércoles 4 de junio de 2025",Biblioteca Pública Municipal María Zambrano (Tetuán). TETUAN
Taller de cómic (Infantil) Biblioteca Miguel Delibes,/portales/munimadrid/es/Inicio/Cultura-ocio-y-deporte/Taller-de-comic-Infantil-Biblioteca-Miguel-Delibes/?vgnextfmt=default&vgnextoid=ad3087ffb3f64910VgnVCM1000001d4a900aRCRD&vgnextchannel=7911f073808fe410VgnVCM2000000c205a0aRCRD,CURSOS Y TALLERES,"Del miércoles 15 de enero de 2025
al miércoles 21 de mayo de 2025",Biblioteca Pública Municipal Miguel Delibes (Moratalaz). MORATALAZ
Taller de cómic (juvenil) Biblioteca Gerardo Diego,/portales/munimadrid/es/Inicio/Cultura-ocio-y-deporte/Taller-de-comic-juvenil-Biblioteca-Gerardo-Diego/?vgnextfmt=default&vgnextoid=1c7b5d06cd165910VgnVCM1000001d4a900aRCRD&vgnextchannel=7911f073808fe410VgnVCM2000000c205a0aRCRD,CURSOS Y TALLERES,"Del viernes 7 de febrero de 2025
al viernes 30 de mayo de 2025",Biblioteca Pública Municipal Gerardo Diego (Villa de Vallecas). VILLA DE VALLECAS
Chatines: club de lectura infantil,/portales/munimadrid/es/Inicio/Cultura-ocio-y-deporte/Chatines-club-de-lectura-infantil/?vgnextfmt=default&vgnextoid=146e23279fad4910VgnVCM1000001d4a900aRCRD&vgnextchannel=7911f073808fe410VgnVCM2000000c205a0aRCRD,CLUBES DE LECTURA,"Del jueves 27 de febrero de 2025
al jueves 19 de junio de 2025",Biblioteca Pública Municipal Dámaso Alonso (Chamartín). CHAMARTIN
Taller de ajedrez avanzado (infantil-juvenil) Biblioteca María Lejárraga,/portales/munimadrid/es/Inicio/Cultura-ocio-y-deporte/Taller-de-ajedrez-avanzado-infantil-juvenil-Biblioteca-Maria-Lejarraga/?vgnextfmt=default&vgnextoid=991163008c7c5910VgnVCM1000001d4a900aRCRD&vgnextchannel=7911f073808fe410VgnVCM2000000c205a0aRCRD,CURSOS Y TALLERES,"Del miércoles 19 de marzo de 2025
al miércoles 4 de junio de 2025",Biblioteca Pública Municipal María Lejárraga (Hortaleza). HORTALEZA
Manualidades,/portales/munimadrid/es/Inicio/Cultura-ocio-y-deporte/Manualidades/?vgnextfmt=default&vgnextoid=3da790ec79b45910VgnVCM2000001f4a900aRCRD&vgnextchannel=7911f073808fe410VgnVCM2000000c205a0aRCRD,CURSOS Y TALLERES,"Del martes 25 de marzo de 2025
al martes 24 de junio de 2025",Biblioteca Pública Municipal Gabriel García Márquez (Usera). USERA
Talleres de Price (De 7 a 9 años),/portales/munimadrid/es/Inicio/Cultura-ocio-y-deporte/Talleres-de-Price-De-7-a-9-anos-/?vgnextfmt=default&vgnextoid=f981045e3fd15910VgnVCM1000001d4a900aRCRD&vgnextchannel=7911f073808fe410VgnVCM2000000c205a0aRCRD,CURSOS Y TALLERES,"Del sábado 29 de marzo de 2025
al sábado 14 de junio de 2025",Teatro Circo Price. ARGANZUELA
Talleres del Price (5 y 6 años),/portales/munimadrid/es/Inicio/Cultura-ocio-y-deporte/Talleres-del-Price-5-y-6-anos-/?vgnextfmt=default&vgnextoid=12a1045e3fd15910VgnVCM1000001d4a900aRCRD&vgnextchannel=7911f073808fe410VgnVCM2000000c205a0aRCRD,CURSOS Y TALLERES,"Del sábado 29 de marzo de 2025
al sábado 14 de junio de 2025",Teatro Circo Price. ARGANZUELA
LUDOTECAS,/portales/munimadrid/es/Inicio/Cultura-ocio-y-deporte/LUDOTECAS/?vgnextfmt=default&vgnextoid=4048227bcdbd5910VgnVCM2000001f4a900aRCRD&vgnextchannel=7911f073808fe410VgnVCM2000000c205a0aRCRD,CURSOS Y TALLERES,"Del sábado 5 de abril de 2025
al sábado 26 de abril de 2025",Centro Sociocultural Valverde (Fuencarral - El Pardo). FUENCARRAL-EL PARDO
TALLERES INFANTILES,/portales/munimadrid/es/Inicio/Cultura-ocio-y-deporte/TALLERES-INFANTILES/?vgnextfmt=default&vgnextoid=4ae0b2de9aa7e810VgnVCM1000001d4a900aRCRD&vgnextchannel=7911f073808fe410VgnVCM2000000c205a0aRCRD,"ITINERARIOS Y OTRAS ACTIVIDADES AMBIENTALES, 
            
            CURSOS Y TALLERES","Del sábado 5 de abril de 2025
al domingo 27 de abril de 2025",Centro de Interpretación de la Naturaleza Montecarmelo (Fuencarral - El Pardo). FUENCARRAL-EL PARDO
Taller infantil. Reciclo y utilizo,/portales/munimadrid/es/Inicio/Cultura-ocio-y-deporte/Taller-infantil-Reciclo-y-utilizo/?vgnextfmt=default&vgnextoid=ea08c4af1b0f5910VgnVCM2000001f4a900aRCRD&vgnextchannel=7911f073808fe410VgnVCM2000000c205a0aRCRD,CURSOS Y TALLERES,"Del sábado 5 de abril de 2025
al sábado 26 de abril de 2025",Centro Cultural Carril del Conde (Hortaleza). HORTALEZA
LUDOTECAS,/portales/munimadrid/es/Inicio/Cultura-ocio-y-deporte/LUDOTECAS/?vgnextfmt=default&vgnextoid=6ed8bf0a69363910VgnVCM2000001f4a900aRCRD&vgnextchannel=7911f073808fe410VgnVCM2000000c205a0aRCRD,CURSOS Y TALLERES,"Del sábado 5 de abril de 2025
al sábado 26 de abril de 2025",Centro Sociocultural Alfonso XII (Fuencarral - El Pardo). FUENCARRAL-EL PARDO
Deportes populares y tradicionales para familias,/portales/munimadrid/es/Inicio/Cultura-ocio-y-deporte/Deportes-populares-y-tradicionales-para-familias/?vgnextfmt=default&vgnextoid=97b8e7bd62dc5910VgnVCM2000001f4a900aRCRD&vgnextchannel=7911f073808fe410VgnVCM2000000c205a0aRCRD,"TEATRO PERFOMANCE, 
            
            EXPOSICIONES","Del sábado 5 de abril de 2025
al sábado 26 de abril de 2025",Centro Cultural Galileo (Chamberí). CHAMBERI
TALLERES FAMILIARES,/portales/munimadrid/es/Inicio/Cultura-ocio-y-deporte/TALLERES-FAMILIARES/?vgnextfmt=default&vgnextoid=ac22b2de9aa7e810VgnVCM1000001d4a900aRCRD&vgnextchannel=7911f073808fe410VgnVCM2000000c205a0aRCRD,"ITINERARIOS Y OTRAS ACTIVIDADES AMBIENTALES, 
            
            CURSOS Y TALLERES","Del domingo 6 de abril de 2025
al sábado 26 de abril de 2025",Centro de Interpretación de la Naturaleza Montecarmelo (Fuencarral - El Pardo). FUENCARRAL-EL PARDO
HOP!,/portales/munimadrid/es/Inicio/Cultura-ocio-y-deporte/HOP-/?vgnextfmt=default&vgnextoid=95698cdcd77d5910VgnVCM1000001d4a900aRCRD&vgnextchannel=7911f073808fe410VgnVCM2000000c205a0aRCRD,CIRCO MAGIA,"Del domingo 20 de abril de 2025
al domingo 15 de junio de 2025",Teatro Circo Price. ARGANZUELA
"Fiesta de pijamas para peluches, muñecas y muñecos. ¡Fin de semana en la Biblioteca!",/portales/munimadrid/es/Inicio/Cultura-ocio-y-deporte/Fiesta-de-pijamas-para-peluches-munecas-y-munecos-Fin-de-semana-en-la-Biblioteca-/?vgnextfmt=default&vgnextoid=cac159ad2a006910VgnVCM2000001f4a900aRCRD&vgnextchannel=7911f073808fe410VgnVCM2000000c205a0aRCRD,CURSOS Y TALLERES,"Del lunes 21 de abril de 2025
al viernes 25 de abril de 2025",Biblioteca Pública Municipal Francisco Ayala (Vicálvaro). VICALVARO
Campamentos urbanos de verano 2025. Distrito Arganzuela,/portales/munimadrid/es/Inicio/Cultura-ocio-y-deporte/Campamentos-urbanos-de-verano-2025-Distrito-Arganzuela/?vgnextfmt=default&vgnextoid=0f5297c7fe556910VgnVCM2000001f4a900aRCRD&vgnextchannel=7911f073808fe410VgnVCM2000000c205a0aRCRD,CAMPAMENTOS,"Del lunes 21 de abril de 2025
al viernes 5 de septiembre de 2025",Colegio Público Plácido Domingo. ARGANZUELA
Caracterización y actividades infantiles,/portales/munimadrid/es/Inicio/Cultura-ocio-y-deporte/Caracterizacion-y-actividades-infantiles/?vgnextfmt=default&vgnextoid=fa285b230f5f5910VgnVCM2000001f4a900aRCRD&vgnextchannel=7911f073808fe410VgnVCM2000000c205a0aRCRD,"RECITALES, PRESENTACIONES Y ACTOS LITERARIOS, 
            
            CURSOS Y TALLERES",Jueves 24 de abril de 2025,Sin lugar
'La casa que duerme',/portales/munimadrid/es/Inicio/Cultura-ocio-y-deporte/-La-casa-que-duerme-/?vgnextfmt=default&vgnextoid=fa228cc2f36f5910VgnVCM1000001d4a900aRCRD&vgnextchannel=7911f073808fe410VgnVCM2000000c205a0aRCRD,"CUENTACUENTOS, TÍTERES Y MARIONETAS",Jueves 24 de abril de 2025,Biblioteca Pública Municipal Manuel Vázquez Montalbán (Tetuán). TETUAN
'A dormir',/portales/munimadrid/es/Inicio/Cultura-ocio-y-deporte/-A-dormir-/?vgnextfmt=default&vgnextoid=2fa2523ba58b5910VgnVCM2000001f4a900aRCRD&vgnextchannel=7911f073808fe410VgnVCM2000000c205a0aRCRD,"CUENTACUENTOS, TÍTERES Y MARIONETAS",Jueves 24 de abril de 2025,Biblioteca Pública Municipal Vicálvaro. VICALVARO
Mouse Journey,/portales/munimadrid/es/Inicio/Cultura-ocio-y-deporte/Mouse-Journey/?vgnextfmt=default&vgnextoid=a187fd0e593b5910VgnVCM2000001f4a900aRCRD&vgnextchannel=7911f073808fe410VgnVCM2000000c205a0aRCRD,"CUENTACUENTOS, TÍTERES Y MARIONETAS",Jueves 24 de abril de 2025,Biblioteca Pública Municipal Gerardo Diego (Villa de Vallecas). VILLA DE VALLECAS
'En el bosque',/portales/munimadrid/es/Inicio/Cultura-ocio-y-deporte/-En-el-bosque-/?vgnextfmt=default&vgnextoid=25d38cc2f36f5910VgnVCM1000001d4a900aRCRD&vgnextchannel=7911f073808fe410VgnVCM2000000c205a0aRCRD,"CUENTACUENTOS, TÍTERES Y MARIONETAS",Jueves 24 de abril de 2025,Biblioteca Pública Municipal Pablo Neruda (Ciudad Lineal). CIUDAD LINEAL
JORNADAS ESPECIALES,/portales/munimadrid/es/Inicio/Cultura-ocio-y-deporte/JORNADAS-ESPECIALES/?vgnextfmt=default&vgnextoid=67138b56808d5910VgnVCM2000001f4a900aRCRD&vgnextchannel=7911f073808fe410VgnVCM2000000c205a0aRCRD,"ITINERARIOS Y OTRAS ACTIVIDADES AMBIENTALES, 
            
            CURSOS Y TALLERES, 
            
            EXCURSIONES ITINERARIOS VISITAS","Del viernes 25 de abril de 2025
al domingo 27 de abril de 2025",Centro de Interpretación de la Naturaleza Montecarmelo (Fuencarral - El Pardo). FUENCARRAL-EL PARDO
En La Noche de los Libros: 'Los cazalibros',/portales/munimadrid/es/Inicio/Cultura-ocio-y-deporte/En-La-Noche-de-los-Libros-Los-cazalibros-/?vgnextfmt=default&vgnextoid=9f5159ad2a006910VgnVCM2000001f4a900aRCRD&vgnextchannel=7911f073808fe410VgnVCM2000000c205a0aRCRD,CURSOS Y TALLERES,Viernes 25 de abril de 2025,Biblioteca Pública Municipal Aluche (Latina). LATINA
Cuentacuentos bilingüe español-japonés: 'Omae umasou dana',/portales/munimadrid/es/Inicio/Cultura-ocio-y-deporte/Cuentacuentos-bilingue-espanol-japones-Omae-umasou-dana-/?vgnextfmt=default&vgnextoid=a838b4e355536910VgnVCM1000001d4a900aRCRD&vgnextchannel=7911f073808fe410VgnVCM2000000c205a0aRCRD,"CUENTACUENTOS, TÍTERES Y MARIONETAS",Viernes 25 de abril de 2025,Biblioteca Pública Municipal Iván de Vargas (Centro). CENTRO
Tarde de cómic en el Parque de Berlín,/portales/munimadrid/es/Inicio/Cultura-ocio-y-deporte/Tarde-de-comic-en-el-Parque-de-Berlin/?vgnextfmt=default&vgnextoid=be47828cf1936910VgnVCM1000001d4a900aRCRD&vgnextchannel=7911f073808fe410VgnVCM2000000c205a0aRCRD,CURSOS Y TALLERES,Viernes 25 de abril de 2025,Parque de Berlín. CHAMARTIN
¡Qué vivan los libros!,/portales/munimadrid/es/Inicio/Cultura-ocio-y-deporte/Que-vivan-los-libros-/?vgnextfmt=default&vgnextoid=12dc7baa8f3a5910VgnVCM2000001f4a900aRCRD&vgnextchannel=7911f073808fe410VgnVCM2000000c205a0aRCRD,"CUENTACUENTOS, TÍTERES Y MARIONETAS",Viernes 25 de abril de 2025,Centro Sociocultural Blasco Ibáñez (Carabanchel). CARABANCHEL
'Cuentasueños',/portales/munimadrid/es/Inicio/Cultura-ocio-y-deporte/-Cuentasuenos-/?vgnextfmt=default&vgnextoid=f720ccd8501f5910VgnVCM1000001d4a900aRCRD&vgnextchannel=7911f073808fe410VgnVCM2000000c205a0aRCRD,"CUENTACUENTOS, TÍTERES Y MARIONETAS",Viernes 25 de abril de 2025,Biblioteca Pública Municipal Francisco Ibáñez (Chamartín). CHAMARTIN
'Cuentos de todos los colores',/portales/munimadrid/es/Inicio/Cultura-ocio-y-deporte/-Cuentos-de-todos-los-colores-/?vgnextfmt=default&vgnextoid=8b968cc2f36f5910VgnVCM1000001d4a900aRCRD&vgnextchannel=7911f073808fe410VgnVCM2000000c205a0aRCRD,"CUENTACUENTOS, TÍTERES Y MARIONETAS",Viernes 25 de abril de 2025,Biblioteca Pública Municipal La Chata (Carabanchel). CARABANCHEL
Tan sólo una hormiga,/portales/munimadrid/es/Inicio/Cultura-ocio-y-deporte/Tan-solo-una-hormiga/?vgnextfmt=default&vgnextoid=eab3dbd50a8b5910VgnVCM1000001d4a900aRCRD&vgnextchannel=7911f073808fe410VgnVCM2000000c205a0aRCRD,TEATRO PERFOMANCE,Viernes 25 de abril de 2025,Centro Cultural Zazuar (Villa de Vallecas)
'Cuentos para leer con linterna',/portales/munimadrid/es/Inicio/Cultura-ocio-y-deporte/-Cuentos-para-leer-con-linterna-/?vgnextfmt=default&vgnextoid=5708347546616910VgnVCM1000001d4a900aRCRD&vgnextchannel=7911f073808fe410VgnVCM2000000c205a0aRCRD,"CUENTACUENTOS, TÍTERES Y MARIONETAS",Viernes 25 de abril de 2025,Biblioteca Pública Municipal Pablo Neruda (Ciudad Lineal). CIUDAD LINEAL
Títeres: “Romero y Julieta”.,/portales/munimadrid/es/Inicio/Cultura-ocio-y-deporte/Titeres-Romero-y-Julieta-/?vgnextfmt=default&vgnextoid=3f3860ffbe2b5910VgnVCM2000001f4a900aRCRD&vgnextchannel=7911f073808fe410VgnVCM2000000c205a0aRCRD,Sin tipo,Viernes 25 de abril de 2025,Centro Sociocultural Tetuán. TETUAN
El fantasma al que le asustaban los libros,/portales/munimadrid/es/Inicio/Cultura-ocio-y-deporte/El-fantasma-al-que-le-asustaban-los-libros/?vgnextfmt=default&vgnextoid=faa2047fc5065910VgnVCM1000001d4a900aRCRD&vgnextchannel=7911f073808fe410VgnVCM2000000c205a0aRCRD,"CUENTACUENTOS, TÍTERES Y MARIONETAS",Viernes 25 de abril de 2025,Centro Cultural Federico Chueca (Hortaleza). HORTALEZA
Capuchones de cuento para lapiceros,/portales/munimadrid/es/Inicio/Cultura-ocio-y-deporte/Capuchones-de-cuento-para-lapiceros/?vgnextfmt=default&vgnextoid=dd3491df59426910VgnVCM2000001f4a900aRCRD&vgnextchannel=7911f073808fe410VgnVCM2000000c205a0aRCRD,"FIESTAS, 
            
            CURSOS Y TALLERES",Viernes 25 de abril de 2025,Auditorio Municipal Las Trece Rosas. VILLA DE VALLECAS
Cuentos en escena,/portales/munimadrid/es/Inicio/Cultura-ocio-y-deporte/Cuentos-en-escena/?vgnextfmt=default&vgnextoid=677491df59426910VgnVCM2000001f4a900aRCRD&vgnextchannel=7911f073808fe410VgnVCM2000000c205a0aRCRD,"FIESTAS, 
            
            TEATRO PERFOMANCE, 
            
            CONCURSOS Y CERTÁMENES",Viernes 25 de abril de 2025,Sin lugar
Fiesta Holi y discoteca con DJ,/portales/munimadrid/es/Inicio/Cultura-ocio-y-deporte/Fiesta-Holi-y-discoteca-con-DJ/?vgnextfmt=default&vgnextoid=505591df59426910VgnVCM2000001f4a900aRCRD&vgnextchannel=7911f073808fe410VgnVCM2000000c205a0aRCRD,Sin tipo,Viernes 25 de abril de 2025,Sin lugar
Diseño de pulseras y broches,/portales/munimadrid/es/Inicio/Cultura-ocio-y-deporte/Diseno-de-pulseras-y-broches/?vgnextfmt=default&vgnextoid=489291df59426910VgnVCM2000001f4a900aRCRD&vgnextchannel=7911f073808fe410VgnVCM2000000c205a0aRCRD,"FIESTAS, 
            
            CURSOS Y TALLERES",Viernes 25 de abril de 2025,Auditorio Municipal Las Trece Rosas. VILLA DE VALLECAS
Teatro Infantil 'En el mundo de los cuentos',/portales/munimadrid/es/Inicio/Cultura-ocio-y-deporte/Teatro-Infantil-En-el-mundo-de-los-cuentos-/?vgnextfmt=default&vgnextoid=0d606267aec56910VgnVCM1000001d4a900aRCRD&vgnextchannel=7911f073808fe410VgnVCM2000000c205a0aRCRD,"FERIAS, 
            
            TEATRO PERFOMANCE",Viernes 25 de abril de 2025,Auditorio al aire libre. Parque Aluche. LATINA
Menu2,/portales/munimadrid/es/Inicio/Cultura-ocio-y-deporte/Menu2/?vgnextfmt=default&vgnextoid=ad6b41a557266910VgnVCM2000001f4a900aRCRD&vgnextchannel=7911f073808fe410VgnVCM2000000c205a0aRCRD,TEATRO PERFOMANCE,Viernes 25 de abril de 2025,Centro Cultural la Elipa (Ciudad Lineal). CIUDAD LINEAL
El fantasma de la pera,/portales/munimadrid/es/Inicio/Cultura-ocio-y-deporte/El-fantasma-de-la-pera/?vgnextfmt=default&vgnextoid=26f141a557266910VgnVCM2000001f4a900aRCRD&vgnextchannel=7911f073808fe410VgnVCM2000000c205a0aRCRD,TEATRO PERFOMANCE,Viernes 25 de abril de 2025,Centro Cultural San Juan Bautista (Ciudad Lineal). CIUDAD LINEAL
The Gipsy Marionettist - Rašid Nikolić (Italia),/portales/munimadrid/es/Inicio/Cultura-ocio-y-deporte/The-Gipsy-Marionettist-Rasid-Nikolic-Italia-/?vgnextfmt=default&vgnextoid=178dd6fdb90d4910VgnVCM2000001f4a900aRCRD&vgnextchannel=7911f073808fe410VgnVCM2000000c205a0aRCRD,"CUENTACUENTOS, TÍTERES Y MARIONETAS, 
            
            MADRID DESTINO","Del sábado 26 de abril de 2025
al domingo 27 de abril de 2025",Teatro Municipal de Títeres. Parque de El Retiro. RETIRO
"Yo, Quevedo con perdón",/portales/munimadrid/es/Inicio/Cultura-ocio-y-deporte/Yo-Quevedo-con-perdon/?vgnextfmt=default&vgnextoid=88bfc2df0a3a5910VgnVCM1000001d4a900aRCRD&vgnextchannel=7911f073808fe410VgnVCM2000000c205a0aRCRD,TEATRO PERFOMANCE,Sábado 26 de abril de 2025,Centro Cultural Ciudad Pegaso (San Blas - Canillejas). SAN BLAS-CANILLEJAS
La Habichuela Isabela,/portales/munimadrid/es/Inicio/Cultura-ocio-y-deporte/La-Habichuela-Isabela/?vgnextfmt=default&vgnextoid=ba9689cfb18a5910VgnVCM1000001d4a900aRCRD&vgnextchannel=7911f073808fe410VgnVCM2000000c205a0aRCRD,TEATRO PERFOMANCE,Sábado 26 de abril de 2025,Centro Cultural José Luis López Vázquez (San Blas - Canillejas). SAN BLAS-CANILLEJAS
El Gran Juego de Verdi,/portales/munimadrid/es/Inicio/Cultura-ocio-y-deporte/El-Gran-Juego-de-Verdi/?vgnextfmt=default&vgnextoid=c5d2fe74dd7b5910VgnVCM2000001f4a900aRCRD&vgnextchannel=7911f073808fe410VgnVCM2000000c205a0aRCRD,TEATRO PERFOMANCE,Sábado 26 de abril de 2025,Centro Cultural Casa de Vacas (Retiro). RETIRO
"CINE: ""Klaus""",/portales/munimadrid/es/Inicio/Cultura-ocio-y-deporte/CINE-Klaus-/?vgnextfmt=default&vgnextoid=cea6db7ff8cc5910VgnVCM1000001d4a900aRCRD&vgnextchannel=7911f073808fe410VgnVCM2000000c205a0aRCRD,Sin tipo,Sábado 26 de abril de 2025,Centro Cultural el Torito (Moratalaz). MORATALAZ
"Los animales, unos grandes maestros",/portales/munimadrid/es/Inicio/Cultura-ocio-y-deporte/Los-animales-unos-grandes-maestros/?vgnextfmt=default&vgnextoid=5fc0cd938a2d5910VgnVCM1000001d4a900aRCRD&vgnextchannel=7911f073808fe410VgnVCM2000000c205a0aRCRD,Sin tipo,Sábado 26 de abril de 2025,Centro Cultural Julio Cortázar (Moncloa - Aravaca). MONCLOA-ARAVACA
La verbena hechizada,/portales/munimadrid/es/Inicio/Cultura-ocio-y-deporte/La-verbena-hechizada/?vgnextfmt=default&vgnextoid=ec624fb3807d5910VgnVCM1000001d4a900aRCRD&vgnextchannel=7911f073808fe410VgnVCM2000000c205a0aRCRD,TEATRO PERFOMANCE,Sábado 26 de abril de 2025,Centro Sociocultural Maestro Alonso (Salamanca). SALAMANCA
"Cuentacuentos:""Surcando mares, buscando cuentos""",/portales/munimadrid/es/Inicio/Cultura-ocio-y-deporte/Cuentacuentos-Surcando-mares-buscando-cuentos-/?vgnextfmt=default&vgnextoid=4fe5692abe6a4910VgnVCM2000001f4a900aRCRD&vgnextchannel=7911f073808fe410VgnVCM2000000c205a0aRCRD,"CUENTACUENTOS, TÍTERES Y MARIONETAS, 
            
            TEATRO PERFOMANCE",Sábado 26 de abril de 2025,Centro Sociocultural Rafael de León (Fuencarral - El Pardo). FUENCARRAL-EL PARDO
Ronda de libros,/portales/munimadrid/es/Inicio/Cultura-ocio-y-deporte/Ronda-de-libros/?vgnextfmt=default&vgnextoid=d2398cdcd77d5910VgnVCM1000001d4a900aRCRD&vgnextchannel=7911f073808fe410VgnVCM2000000c205a0aRCRD,Sin tipo,"Del sábado 26 de abril de 2025
al sábado 7 de junio de 2025",Matadero Madrid. ARGANZUELA
"CONMEMORACIÓN DÍA DEL LIBRO. Teatro de títeres: ""Pinocho corazón de madera"" basada en la obra de Carlo Collodi",/portales/munimadrid/es/Inicio/Cultura-ocio-y-deporte/CONMEMORACION-DIA-DEL-LIBRO-Teatro-de-titeres-Pinocho-corazon-de-madera-basada-en-la-obra-de-Carlo-Collodi/?vgnextfmt=default&vgnextoid=090f8b56808d5910VgnVCM2000001f4a900aRCRD&vgnextchannel=7911f073808fe410VgnVCM2000000c205a0aRCRD,"CUENTACUENTOS, TÍTERES Y MARIONETAS, 
            
            TEATRO PERFOMANCE",Sábado 26 de abril de 2025,Centro Sociocultural Montecarmelo (Fuencarral - El Pardo). FUENCARRAL-EL PARDO
"Pájaro y flor en abril, buscan su amor",/portales/munimadrid/es/Inicio/Cultura-ocio-y-deporte/Pajaro-y-flor-en-abril-buscan-su-amor/?vgnextfmt=default&vgnextoid=92ea21d4febe5910VgnVCM2000001f4a900aRCRD&vgnextchannel=7911f073808fe410VgnVCM2000000c205a0aRCRD,CURSOS Y TALLERES,Sábado 26 de abril de 2025,Centro Cultural Clara del Rey - Museo ABC (Centro). CENTRO
Día del libro en Centro,/portales/munimadrid/es/Inicio/Cultura-ocio-y-deporte/Dia-del-libro-en-Centro/?vgnextfmt=default&vgnextoid=edc08033b11f5910VgnVCM2000001f4a900aRCRD&vgnextchannel=7911f073808fe410VgnVCM2000000c205a0aRCRD,"CUENTACUENTOS, TÍTERES Y MARIONETAS, 
            
            RECITALES, PRESENTACIONES Y ACTOS LITERARIOS",Sábado 26 de abril de 2025,Centro Cultural Clara del Rey - Museo ABC (Centro). CENTRO
Una colmena de cuentos,/portales/munimadrid/es/Inicio/Cultura-ocio-y-deporte/Una-colmena-de-cuentos/?vgnextfmt=default&vgnextoid=0ffde296f5dc5910VgnVCM1000001d4a900aRCRD&vgnextchannel=7911f073808fe410VgnVCM2000000c205a0aRCRD,"MÚSICA, 
            
            TEATRO PERFOMANCE",Sábado 26 de abril de 2025,Centro Sociocultural Rosario de Acuña (Latina). LATINA
"Tatira Teatro, presenta “Los cuidadores de las letras”",/portales/munimadrid/es/Inicio/Cultura-ocio-y-deporte/Tatira-Teatro-presenta-Los-cuidadores-de-las-letras/?vgnextfmt=default&vgnextoid=51445b230f5f5910VgnVCM2000001f4a900aRCRD&vgnextchannel=7911f073808fe410VgnVCM2000000c205a0aRCRD,"RECITALES, PRESENTACIONES Y ACTOS LITERARIOS",Sábado 26 de abril de 2025,Centro Cultural el Madroño (Vicálvaro). VICALVARO
Martín y la música,/portales/munimadrid/es/Inicio/Cultura-ocio-y-deporte/Martin-y-la-musica/?vgnextfmt=default&vgnextoid=91037665fa006910VgnVCM1000001d4a900aRCRD&vgnextchannel=7911f073808fe410VgnVCM2000000c205a0aRCRD,MÚSICA,Sábado 26 de abril de 2025,Parque Alfredo Kraus. HORTALEZA
El mundo mágico de los libros,/portales/munimadrid/es/Inicio/Cultura-ocio-y-deporte/El-mundo-magico-de-los-libros/?vgnextfmt=default&vgnextoid=0ddbe296f5dc5910VgnVCM1000001d4a900aRCRD&vgnextchannel=7911f073808fe410VgnVCM2000000c205a0aRCRD,"DANZA Y BAILE, 
            
            MÚSICA",Sábado 26 de abril de 2025,Centro Cultural Miguel Hernández (Latina). LATINA
El tesoro del dragón,/portales/munimadrid/es/Inicio/Cultura-ocio-y-deporte/El-tesoro-del-dragon/?vgnextfmt=default&vgnextoid=859f60ffbe2b5910VgnVCM2000001f4a900aRCRD&vgnextchannel=7911f073808fe410VgnVCM2000000c205a0aRCRD,"CUENTACUENTOS, TÍTERES Y MARIONETAS",Sábado 26 de abril de 2025,Sin lugar
"Marcelo, el marciano",/portales/munimadrid/es/Inicio/Cultura-ocio-y-deporte/Marcelo-el-marciano/?vgnextfmt=default&vgnextoid=92f9e296f5dc5910VgnVCM1000001d4a900aRCRD&vgnextchannel=7911f073808fe410VgnVCM2000000c205a0aRCRD,"MÚSICA, 
            
            TEATRO PERFOMANCE",Sábado 26 de abril de 2025,Centro Cultural José Luis Sampedro (Latina). LATINA
Taller Teatralizado de Cuentacuentos - Cuentos Maravillosos de Andersen,/portales/munimadrid/es/Inicio/Cultura-ocio-y-deporte/Taller-Teatralizado-de-Cuentacuentos-Cuentos-Maravillosos-de-Andersen/?vgnextfmt=default&vgnextoid=38680ad4cdcc5910VgnVCM2000001f4a900aRCRD&vgnextchannel=7911f073808fe410VgnVCM2000000c205a0aRCRD,"TEATRO PERFOMANCE, 
            
            EXPOSICIONES",Sábado 26 de abril de 2025,Centro Cultural Galileo (Chamberí). CHAMBERI
"Cuentacuentos con pictogramas: ""El enano saltarín""",/portales/munimadrid/es/Inicio/Cultura-ocio-y-deporte/Cuentacuentos-con-pictogramas-El-enano-saltarin-/?vgnextfmt=default&vgnextoid=f39a8b56808d5910VgnVCM2000001f4a900aRCRD&vgnextchannel=7911f073808fe410VgnVCM2000000c205a0aRCRD,"CUENTACUENTOS, TÍTERES Y MARIONETAS, 
            
            ACTIVIDADES CALLE, ARTE URBANO, 
            
            TEATRO PERFOMANCE",Sábado 26 de abril de 2025,Centro Cultural La Vaguada (Fuencarral - El Pardo). FUENCARRAL-EL PARDO
Títeres al aire libre: Qui y Jote en la isla de los tesoros,/portales/munimadrid/es/Inicio/Cultura-ocio-y-deporte/Titeres-al-aire-libre-Qui-y-Jote-en-la-isla-de-los-tesoros/?vgnextfmt=default&vgnextoid=21b24d66491f5910VgnVCM1000001d4a900aRCRD&vgnextchannel=7911f073808fe410VgnVCM2000000c205a0aRCRD,"CUENTACUENTOS, TÍTERES Y MARIONETAS",Sábado 26 de abril de 2025,Sin lugar
"Mario, el musical",/portales/munimadrid/es/Inicio/Cultura-ocio-y-deporte/Mario-el-musical/?vgnextfmt=default&vgnextoid=b65a91db103b5910VgnVCM2000001f4a900aRCRD&vgnextchannel=7911f073808fe410VgnVCM2000000c205a0aRCRD,MÚSICA,Sábado 26 de abril de 2025,Centro Cultural Orcasur (Usera). USERA
Subida a la Bola del mundo,/portales/munimadrid/es/Inicio/Cultura-ocio-y-deporte/Subida-a-la-Bola-del-mundo/?vgnextfmt=default&vgnextoid=60b2e7bd62dc5910VgnVCM2000001f4a900aRCRD&vgnextchannel=7911f073808fe410VgnVCM2000000c205a0aRCRD,"TEATRO PERFOMANCE, 
            
            EXPOSICIONES",Sábado 26 de abril de 2025,Centro Cultural Galileo (Chamberí). CHAMBERI
La estrella y la Luna,/portales/munimadrid/es/Inicio/Cultura-ocio-y-deporte/La-estrella-y-la-Luna/?vgnextfmt=default&vgnextoid=f3fb5f5f0dbe5910VgnVCM2000001f4a900aRCRD&vgnextchannel=7911f073808fe410VgnVCM2000000c205a0aRCRD,TEATRO PERFOMANCE,Sábado 26 de abril de 2025,Centro Cultural Lavapiés (Centro). CENTRO
Concierto de música coral,/portales/munimadrid/es/Inicio/Cultura-ocio-y-deporte/Concierto-de-musica-coral/?vgnextfmt=default&vgnextoid=1455252e8aff5910VgnVCM2000001f4a900aRCRD&vgnextchannel=7911f073808fe410VgnVCM2000000c205a0aRCRD,Sin tipo,Sábado 26 de abril de 2025,Parroquia San Valentín y San Casimiro. VICALVARO
Tito el bromista,/portales/munimadrid/es/Inicio/Cultura-ocio-y-deporte/Tito-el-bromista/?vgnextfmt=default&vgnextoid=d44ba1b80d426910VgnVCM1000001d4a900aRCRD&vgnextchannel=7911f073808fe410VgnVCM2000000c205a0aRCRD,"FIESTAS, 
            
            CUENTACUENTOS, TÍTERES Y MARIONETAS",Sábado 26 de abril de 2025,Sin lugar
La princesa china y el dragón,/portales/munimadrid/es/Inicio/Cultura-ocio-y-deporte/La-princesa-china-y-el-dragon/?vgnextfmt=default&vgnextoid=528ca1b80d426910VgnVCM1000001d4a900aRCRD&vgnextchannel=7911f073808fe410VgnVCM2000000c205a0aRCRD,"FIESTAS, 
            
            TEATRO PERFOMANCE",Sábado 26 de abril de 2025,Sin lugar
Sherlock Holmes y el robo de la Gioconda,/portales/munimadrid/es/Inicio/Cultura-ocio-y-deporte/Sherlock-Holmes-y-el-robo-de-la-Gioconda/?vgnextfmt=default&vgnextoid=1bdca1b80d426910VgnVCM1000001d4a900aRCRD&vgnextchannel=7911f073808fe410VgnVCM2000000c205a0aRCRD,Sin tipo,Sábado 26 de abril de 2025,Sin lugar
El payaso musical,/portales/munimadrid/es/Inicio/Cultura-ocio-y-deporte/El-payaso-musical/?vgnextfmt=default&vgnextoid=0feca1b80d426910VgnVCM1000001d4a900aRCRD&vgnextchannel=7911f073808fe410VgnVCM2000000c205a0aRCRD,"FIESTAS, 
            
            MÚSICA",Sábado 26 de abril de 2025,Sin lugar
"Entrevista, Nieves Gascón, cuentos infantiles",/portales/munimadrid/es/Inicio/Cultura-ocio-y-deporte/Entrevista-Nieves-Gascon-cuentos-infantiles/?vgnextfmt=default&vgnextoid=b0436267aec56910VgnVCM1000001d4a900aRCRD&vgnextchannel=7911f073808fe410VgnVCM2000000c205a0aRCRD,FERIAS,Sábado 26 de abril de 2025,Auditorio al aire libre. Parque Aluche. LATINA
Espectáculo infantil 'Los tres cerditos',/portales/munimadrid/es/Inicio/Cultura-ocio-y-deporte/Espectaculo-infantil-Los-tres-cerditos-/?vgnextfmt=default&vgnextoid=0e736267aec56910VgnVCM1000001d4a900aRCRD&vgnextchannel=7911f073808fe410VgnVCM2000000c205a0aRCRD,"FERIAS, 
            
            MÚSICA, 
            
            TEATRO PERFOMANCE",Sábado 26 de abril de 2025,Auditorio al aire libre. Parque Aluche. LATINA
Cuentacuentos 'Un charco medio lleno',/portales/munimadrid/es/Inicio/Cultura-ocio-y-deporte/Cuentacuentos-Un-charco-medio-lleno-/?vgnextfmt=default&vgnextoid=6f246267aec56910VgnVCM1000001d4a900aRCRD&vgnextchannel=7911f073808fe410VgnVCM2000000c205a0aRCRD,"FERIAS, 
            
            MÚSICA, 
            
            TEATRO PERFOMANCE",Sábado 26 de abril de 2025,Auditorio al aire libre. Parque Aluche. LATINA
Cuentacuentos 'Catrina casi galga',/portales/munimadrid/es/Inicio/Cultura-ocio-y-deporte/Cuentacuentos-Catrina-casi-galga-/?vgnextfmt=default&vgnextoid=3c126267aec56910VgnVCM1000001d4a900aRCRD&vgnextchannel=7911f073808fe410VgnVCM2000000c205a0aRCRD,"FERIAS, 
            
            MÚSICA, 
            
            TEATRO PERFOMANCE",Sábado 26 de abril de 2025,Auditorio al aire libre. Parque Aluche. LATINA
"INFANTIL.  Pez al revés, presenta “Ronda al revés”",/portales/munimadrid/es/Inicio/Cultura-ocio-y-deporte/INFANTIL-Pez-al-reves-presenta-Ronda-al-reves/?vgnextfmt=default&vgnextoid=6025199cc1266910VgnVCM2000001f4a900aRCRD&vgnextchannel=7911f073808fe410VgnVCM2000000c205a0aRCRD,TEATRO PERFOMANCE,Sábado 26 de abril de 2025,Auditorio Carmen Laforet (Ciudad Lineal). CIUDAD LINEAL
Talleres para niños de 4 a 14 años,/portales/munimadrid/es/Inicio/Cultura-ocio-y-deporte/Talleres-para-ninos-de-4-a-14-anos/?vgnextfmt=default&vgnextoid=fe309f9cfb7b5910VgnVCM1000001d4a900aRCRD&vgnextchannel=7911f073808fe410VgnVCM2000000c205a0aRCRD,Sin tipo,"Del sábado 26 de abril de 2025
al sábado 28 de junio de 2025",Sin lugar
Cambiando Cuentos,/portales/munimadrid/es/Inicio/Cultura-ocio-y-deporte/Cambiando-Cuentos/?vgnextfmt=default&vgnextoid=e318c2df0a3a5910VgnVCM1000001d4a900aRCRD&vgnextchannel=7911f073808fe410VgnVCM2000000c205a0aRCRD,"CUENTACUENTOS, TÍTERES Y MARIONETAS, 
            
            TEATRO PERFOMANCE",Domingo 27 de abril de 2025,Centro Sociocultural Miguel de Cervantes (San Blas - Canillejas). SAN BLAS-CANILLEJAS
Kalevala: Un Viaje Mágico,/portales/munimadrid/es/Inicio/Cultura-ocio-y-deporte/Kalevala-Un-Viaje-Magico/?vgnextfmt=default&vgnextoid=b89689cfb18a5910VgnVCM1000001d4a900aRCRD&vgnextchannel=7911f073808fe410VgnVCM2000000c205a0aRCRD,"CUENTACUENTOS, TÍTERES Y MARIONETAS, 
            
            DANZA Y BAILE",Domingo 27 de abril de 2025,Centro Cultural José Luis López Vázquez (San Blas - Canillejas). SAN BLAS-CANILLEJAS
Taller Teatralizado de Cuentacuentos - Cuentos Caballerescos,/portales/munimadrid/es/Inicio/Cultura-ocio-y-deporte/Taller-Teatralizado-de-Cuentacuentos-Cuentos-Caballerescos/?vgnextfmt=default&vgnextoid=836a0ad4cdcc5910VgnVCM2000001f4a900aRCRD&vgnextchannel=7911f073808fe410VgnVCM2000000c205a0aRCRD,"TEATRO PERFOMANCE, 
            
            EXPOSICIONES",Domingo 27 de abril de 2025,Centro Cultural Galileo (Chamberí). CHAMBERI
Contando caperucita,/portales/munimadrid/es/Inicio/Cultura-ocio-y-deporte/Contando-caperucita/?vgnextfmt=default&vgnextoid=b7842b391b2d5910VgnVCM2000001f4a900aRCRD&vgnextchannel=7911f073808fe410VgnVCM2000000c205a0aRCRD,TEATRO PERFOMANCE,Domingo 27 de abril de 2025,Centro Cultural Quinta del Berro - Rafael Altamira (Salamanca). SALAMANCA
Fabulosas travesuras,/portales/munimadrid/es/Inicio/Cultura-ocio-y-deporte/Fabulosas-travesuras/?vgnextfmt=default&vgnextoid=497ccd938a2d5910VgnVCM1000001d4a900aRCRD&vgnextchannel=7911f073808fe410VgnVCM2000000c205a0aRCRD,Sin tipo,Domingo 27 de abril de 2025,Auditorio Joaquín Rosado (Moncloa-Aravaca). MONCLOA-ARAVACA
El universo literario de Tim Burton. Big Fish,/portales/munimadrid/es/Inicio/Cultura-ocio-y-deporte/El-universo-literario-de-Tim-Burton-Big-Fish/?vgnextfmt=default&vgnextoid=d565c241037d5910VgnVCM2000001f4a900aRCRD&vgnextchannel=7911f073808fe410VgnVCM2000000c205a0aRCRD,CINE ACTIVIDADES AUDIOVISUALES,Domingo 27 de abril de 2025,Cineteca Madrid. ARGANZUELA
"Teatro de títeres: ""El soldadito de plomo"" DE H.C. Andersen",/portales/munimadrid/es/Inicio/Cultura-ocio-y-deporte/Teatro-de-titeres-El-soldadito-de-plomo-DE-H-C-Andersen/?vgnextfmt=default&vgnextoid=5e6ee109ca9d5910VgnVCM2000001f4a900aRCRD&vgnextchannel=7911f073808fe410VgnVCM2000000c205a0aRCRD,"CUENTACUENTOS, TÍTERES Y MARIONETAS",Domingo 27 de abril de 2025,Centro Sociocultural Alfonso XII (Fuencarral - El Pardo). FUENCARRAL-EL PARDO
Yincana 'Bienvenidos a la primavera',/portales/munimadrid/es/Inicio/Cultura-ocio-y-deporte/Yincana-Bienvenidos-a-la-primavera-/?vgnextfmt=default&vgnextoid=5e898b56808d5910VgnVCM2000001f4a900aRCRD&vgnextchannel=7911f073808fe410VgnVCM2000000c205a0aRCRD,ITINERARIOS Y OTRAS ACTIVIDADES AMBIENTALES,Domingo 27 de abril de 2025,Aula ambiental La Cabaña del Retiro. RETIRO
Viaje al reino del revés,/portales/munimadrid/es/Inicio/Cultura-ocio-y-deporte/Viaje-al-reino-del-reves/?vgnextfmt=default&vgnextoid=c32b6ab5d26f5910VgnVCM2000001f4a900aRCRD&vgnextchannel=7911f073808fe410VgnVCM2000000c205a0aRCRD,"MÚSICA, 
            
            TEATRO PERFOMANCE",Domingo 27 de abril de 2025,Centro Cultural Carril del Conde (Hortaleza). HORTALEZA
Rutas guiadas por el Parque de Valdebebas. Abril 2025,/portales/munimadrid/es/Inicio/Cultura-ocio-y-deporte/Rutas-guiadas-por-el-Parque-de-Valdebebas-Abril-2025/?vgnextfmt=default&vgnextoid=12857665fa006910VgnVCM1000001d4a900aRCRD&vgnextchannel=7911f073808fe410VgnVCM2000000c205a0aRCRD,"ITINERARIOS Y OTRAS ACTIVIDADES AMBIENTALES, 
            
            CURSOS Y TALLERES",Domingo 27 de abril de 2025,Parque Forestal de Valdebebas-Felipe VI. HORTALEZA
"Enric, el pájaro Cucú",/portales/munimadrid/es/Inicio/Cultura-ocio-y-deporte/Enric-el-pajaro-Cucu/?vgnextfmt=default&vgnextoid=cf1019e695416910VgnVCM1000001d4a900aRCRD&vgnextchannel=7911f073808fe410VgnVCM2000000c205a0aRCRD,"CUENTACUENTOS, TÍTERES Y MARIONETAS",Domingo 27 de abril de 2025,Centro Cultural Hortaleza. HORTALEZA
Manos danzantes,/portales/munimadrid/es/Inicio/Cultura-ocio-y-deporte/Manos-danzantes/?vgnextfmt=default&vgnextoid=d6e3e7802e416910VgnVCM2000001f4a900aRCRD&vgnextchannel=7911f073808fe410VgnVCM2000000c205a0aRCRD,CURSOS Y TALLERES,Domingo 27 de abril de 2025,Centro Cultural Sanchinarro (Hortaleza). HORTALEZA
El príncipe que quería ser rey,/portales/munimadrid/es/Inicio/Cultura-ocio-y-deporte/El-principe-que-queria-ser-rey/?vgnextfmt=default&vgnextoid=c1cf0c9363a16910VgnVCM2000001f4a900aRCRD&vgnextchannel=7911f073808fe410VgnVCM2000000c205a0aRCRD,TEATRO PERFOMANCE,Domingo 27 de abril de 2025,Parque Forestal de Valdebebas-Felipe VI. HORTALEZA
'Un mundo de cuentos',/portales/munimadrid/es/Inicio/Cultura-ocio-y-deporte/-Un-mundo-de-cuentos-/?vgnextfmt=default&vgnextoid=5b57dcede2426910VgnVCM1000001d4a900aRCRD&vgnextchannel=7911f073808fe410VgnVCM2000000c205a0aRCRD,"CUENTACUENTOS, TÍTERES Y MARIONETAS",Domingo 27 de abril de 2025,Biblioteca Pública Municipal María Lejárraga (Hortaleza). HORTALEZA
Torneo de voleibol de Villa de Vallecas,/portales/munimadrid/es/Inicio/Cultura-ocio-y-deporte/Torneo-de-voleibol-de-Villa-de-Vallecas/?vgnextfmt=default&vgnextoid=22cea1b80d426910VgnVCM1000001d4a900aRCRD&vgnextchannel=7911f073808fe410VgnVCM2000000c205a0aRCRD,ACTIVIDADES DEPORTIVAS,Domingo 27 de abril de 2025,Instalación Deportiva Básica Pabellón del Cementerio. VILLA DE VALLECAS
III Torneo de pádel Villa de Vallecas,/portales/munimadrid/es/Inicio/Cultura-ocio-y-deporte/III-Torneo-de-padel-Villa-de-Vallecas/?vgnextfmt=default&vgnextoid=23bea1b80d426910VgnVCM1000001d4a900aRCRD&vgnextchannel=7911f073808fe410VgnVCM2000000c205a0aRCRD,ACTIVIDADES DEPORTIVAS,Domingo 27 de abril de 2025,Centro Deportivo Municipal Juan de Dios Román. VILLA DE VALLECAS
Cuentacuentos infantil,/portales/munimadrid/es/Inicio/Cultura-ocio-y-deporte/Cuentacuentos-infantil/?vgnextfmt=default&vgnextoid=66ecb4e355536910VgnVCM1000001d4a900aRCRD&vgnextchannel=7911f073808fe410VgnVCM2000000c205a0aRCRD,"CUENTACUENTOS, TÍTERES Y MARIONETAS",Domingo 27 de abril de 2025,Sin lugar
Concierto. Blanca Castillo.  Tres orquestas,/portales/munimadrid/es/Inicio/Cultura-ocio-y-deporte/Concierto-Blanca-Castillo-Tres-orquestas/?vgnextfmt=default&vgnextoid=78c24d66491f5910VgnVCM1000001d4a900aRCRD&vgnextchannel=7911f073808fe410VgnVCM2000000c205a0aRCRD,MÚSICA,Domingo 27 de abril de 2025,Sin lugar
Los cuidadores de las letras,/portales/munimadrid/es/Inicio/Cultura-ocio-y-deporte/Los-cuidadores-de-las-letras/?vgnextfmt=default&vgnextoid=0d1b7baa8f3a5910VgnVCM2000001f4a900aRCRD&vgnextchannel=7911f073808fe410VgnVCM2000000c205a0aRCRD,TEATRO PERFOMANCE,Domingo 27 de abril de 2025,Centro Sociocultural Oporto (Carabanchel). CARABANCHEL
Jim y Anut,/portales/munimadrid/es/Inicio/Cultura-ocio-y-deporte/Jim-y-Anut/?vgnextfmt=default&vgnextoid=9faf9125a23a5910VgnVCM1000001d4a900aRCRD&vgnextchannel=7911f073808fe410VgnVCM2000000c205a0aRCRD,"CUENTACUENTOS, TÍTERES Y MARIONETAS",Domingo 27 de abril de 2025,Centro Cultural Buero Vallejo (San Blas - Canillejas). SAN BLAS-CANILLEJAS
Para mirarte mejor,/portales/munimadrid/es/Inicio/Cultura-ocio-y-deporte/Para-mirarte-mejor/?vgnextfmt=default&vgnextoid=1dc910c1fb3b5910VgnVCM1000001d4a900aRCRD&vgnextchannel=7911f073808fe410VgnVCM2000000c205a0aRCRD,"CUENTACUENTOS, TÍTERES Y MARIONETAS",Domingo 27 de abril de 2025,Centro Cultural Meseta de Orcasitas (Usera). USERA
El mundo mágico de los libros,/portales/munimadrid/es/Inicio/Cultura-ocio-y-deporte/El-mundo-magico-de-los-libros/?vgnextfmt=default&vgnextoid=b3897baa8f3a5910VgnVCM2000001f4a900aRCRD&vgnextchannel=7911f073808fe410VgnVCM2000000c205a0aRCRD,CLUBES DE LECTURA,Domingo 27 de abril de 2025,Centro Sociocultural García Lorca (Carabanchel). CARABANCHEL
Día del libro Infantil,/portales/munimadrid/es/Inicio/Cultura-ocio-y-deporte/Dia-del-libro-Infantil/?vgnextfmt=default&vgnextoid=0e28e7bd62dc5910VgnVCM2000001f4a900aRCRD&vgnextchannel=7911f073808fe410VgnVCM2000000c205a0aRCRD,"TEATRO PERFOMANCE, 
            
            EXPOSICIONES",Domingo 27 de abril de 2025,Sin lugar
La chistera mágica,/portales/munimadrid/es/Inicio/Cultura-ocio-y-deporte/La-chistera-magica/?vgnextfmt=default&vgnextoid=125dee03721f5910VgnVCM1000001d4a900aRCRD&vgnextchannel=7911f073808fe410VgnVCM2000000c205a0aRCRD,CURSOS Y TALLERES,Domingo 27 de abril de 2025,Centro Cultural Nicolás Salmerón (Chamartín). CHAMARTIN
"'Pinto, pinto, gorgorito'",/portales/munimadrid/es/Inicio/Cultura-ocio-y-deporte/-Pinto-pinto-gorgorito-/?vgnextfmt=default&vgnextoid=9e47523ba58b5910VgnVCM2000001f4a900aRCRD&vgnextchannel=7911f073808fe410VgnVCM2000000c205a0aRCRD,"CUENTACUENTOS, TÍTERES Y MARIONETAS",Domingo 27 de abril de 2025,Biblioteca Pública Municipal Ángel González (Latina). LATINA
Taller: Música y movimiento. Iniciándonos al baile y la música,/portales/munimadrid/es/Inicio/Cultura-ocio-y-deporte/Taller-Musica-y-movimiento-Iniciandonos-al-baile-y-la-musica/?vgnextfmt=default&vgnextoid=c4ebee03721f5910VgnVCM1000001d4a900aRCRD&vgnextchannel=7911f073808fe410VgnVCM2000000c205a0aRCRD,CURSOS Y TALLERES,Domingo 27 de abril de 2025,Centro Cultural Nicolás Salmerón (Chamartín). CHAMARTIN
Ruta a caballo,/portales/munimadrid/es/Inicio/Cultura-ocio-y-deporte/Ruta-a-caballo/?vgnextfmt=default&vgnextoid=3e35e7bd62dc5910VgnVCM2000001f4a900aRCRD&vgnextchannel=7911f073808fe410VgnVCM2000000c205a0aRCRD,"TEATRO PERFOMANCE, 
            
            EXPOSICIONES",Domingo 27 de abril de 2025,Centro Cultural Galileo (Chamberí). CHAMBERI
El Greco XXI.0,/portales/munimadrid/es/Inicio/Cultura-ocio-y-deporte/El-Greco-XXI-0/?vgnextfmt=default&vgnextoid=0b5da4ba934a5910VgnVCM1000001d4a900aRCRD&vgnextchannel=7911f073808fe410VgnVCM2000000c205a0aRCRD,TEATRO PERFOMANCE,Domingo 27 de abril de 2025,Centro Cultural Fernando Lázaro Carreter (Carabanchel). CARABANCHEL
Taller ilustración de libros,/portales/munimadrid/es/Inicio/Cultura-ocio-y-deporte/Taller-ilustracion-de-libros/?vgnextfmt=default&vgnextoid=ffbf7baa8f3a5910VgnVCM2000001f4a900aRCRD&vgnextchannel=7911f073808fe410VgnVCM2000000c205a0aRCRD,CURSOS Y TALLERES,Domingo 27 de abril de 2025,Centro Cultural San Francisco La Prensa (Carabanchel). CARABANCHEL
Títeres: El cuento mezclado,/portales/munimadrid/es/Inicio/Cultura-ocio-y-deporte/Titeres-El-cuento-mezclado/?vgnextfmt=default&vgnextoid=f62da1b80d426910VgnVCM1000001d4a900aRCRD&vgnextchannel=7911f073808fe410VgnVCM2000000c205a0aRCRD,"CUENTACUENTOS, TÍTERES Y MARIONETAS",Domingo 27 de abril de 2025,Sin lugar
Marcos de fotos,/portales/munimadrid/es/Inicio/Cultura-ocio-y-deporte/Marcos-de-fotos/?vgnextfmt=default&vgnextoid=d8bda1b80d426910VgnVCM1000001d4a900aRCRD&vgnextchannel=7911f073808fe410VgnVCM2000000c205a0aRCRD,"FIESTAS, 
            
            CURSOS Y TALLERES",Domingo 27 de abril de 2025,Sin lugar
Actuaciones entidades y asociaciones,/portales/munimadrid/es/Inicio/Cultura-ocio-y-deporte/Actuaciones-entidades-y-asociaciones/?vgnextfmt=default&vgnextoid=914da1b80d426910VgnVCM1000001d4a900aRCRD&vgnextchannel=7911f073808fe410VgnVCM2000000c205a0aRCRD,DANZA Y BAILE,Domingo 27 de abril de 2025,Auditorio Municipal Las Trece Rosas. VILLA DE VALLECAS
Magus maravilla,/portales/munimadrid/es/Inicio/Cultura-ocio-y-deporte/Magus-maravilla/?vgnextfmt=default&vgnextoid=737da1b80d426910VgnVCM1000001d4a900aRCRD&vgnextchannel=7911f073808fe410VgnVCM2000000c205a0aRCRD,CIRCO MAGIA,Domingo 27 de abril de 2025,Sin lugar
Marionetas de sombras,/portales/munimadrid/es/Inicio/Cultura-ocio-y-deporte/Marionetas-de-sombras/?vgnextfmt=default&vgnextoid=33ada1b80d426910VgnVCM1000001d4a900aRCRD&vgnextchannel=7911f073808fe410VgnVCM2000000c205a0aRCRD,"FIESTAS, 
            
            CURSOS Y TALLERES",Domingo 27 de abril de 2025,Sin lugar
Cuentacuentos 'Las aventuras de Lola aceituna y Coco',/portales/munimadrid/es/Inicio/Cultura-ocio-y-deporte/Cuentacuentos-Las-aventuras-de-Lola-aceituna-y-Coco-/?vgnextfmt=default&vgnextoid=3d4a03a1c2d56910VgnVCM1000001d4a900aRCRD&vgnextchannel=7911f073808fe410VgnVCM2000000c205a0aRCRD,"FERIAS, 
            
            MÚSICA, 
            
            TEATRO PERFOMANCE",Domingo 27 de abril de 2025,Auditorio al aire libre. Parque Aluche. LATINA
Cuentacuentos 'El topillo que quería volar',/portales/munimadrid/es/Inicio/Cultura-ocio-y-deporte/Cuentacuentos-El-topillo-que-queria-volar-/?vgnextfmt=default&vgnextoid=35c003a1c2d56910VgnVCM1000001d4a900aRCRD&vgnextchannel=7911f073808fe410VgnVCM2000000c205a0aRCRD,FERIAS,Domingo 27 de abril de 2025,Auditorio al aire libre. Parque Aluche. LATINA
Cuentacuentos 'Dalí y yo',/portales/munimadrid/es/Inicio/Cultura-ocio-y-deporte/Cuentacuentos-Dali-y-yo-/?vgnextfmt=default&vgnextoid=048803a1c2d56910VgnVCM1000001d4a900aRCRD&vgnextchannel=7911f073808fe410VgnVCM2000000c205a0aRCRD,FERIAS,Domingo 27 de abril de 2025,Auditorio al aire libre. Parque Aluche. LATINA
'Una curiosidad muy curiosa',/portales/munimadrid/es/Inicio/Cultura-ocio-y-deporte/-Una-curiosidad-muy-curiosa-/?vgnextfmt=default&vgnextoid=199b0bceb7a16910VgnVCM1000001d4a900aRCRD&vgnextchannel=7911f073808fe410VgnVCM2000000c205a0aRCRD,"CUENTACUENTOS, TÍTERES Y MARIONETAS",Martes 29 de abril de 2025,Biblioteca Pública Municipal Vallecas (Puente de Vallecas). PUENTE DE VALLECAS
'El jardín de Cuenteando',/portales/munimadrid/es/Inicio/Cultura-ocio-y-deporte/-El-jardin-de-Cuenteando-/?vgnextfmt=default&vgnextoid=61d7523ba58b5910VgnVCM2000001f4a900aRCRD&vgnextchannel=7911f073808fe410VgnVCM2000000c205a0aRCRD,"CUENTACUENTOS, TÍTERES Y MARIONETAS",Martes 29 de abril de 2025,Biblioteca Pública Municipal María Zambrano (Tetuán). TETUAN
Cine infantil en la Biblioteca María Lejárraga: 'Un héroe samurái: la leyenda de Hank',/portales/munimadrid/es/Inicio/Cultura-ocio-y-deporte/Cine-infantil-en-la-Biblioteca-Maria-Lejarraga-Un-heroe-samurai-la-leyenda-de-Hank-/?vgnextfmt=default&vgnextoid=ffd1969485f75910VgnVCM2000001f4a900aRCRD&vgnextchannel=7911f073808fe410VgnVCM2000000c205a0aRCRD,CINE ACTIVIDADES AUDIOVISUALES,Martes 29 de abril de 2025,Biblioteca Pública Municipal María Lejárraga (Hortaleza). HORTALEZA
Actividades por el día 2 de mayo,/portales/munimadrid/es/Inicio/Cultura-ocio-y-deporte/Actividades-por-el-dia-2-de-mayo/?vgnextfmt=default&vgnextoid=1b55ced21c666910VgnVCM2000001f4a900aRCRD&vgnextchannel=7911f073808fe410VgnVCM2000000c205a0aRCRD,"FIESTAS, 
            
            CURSOS Y TALLERES",Viernes 2 de mayo de 2025,Auditorio Municipal al aire libre Lola Camarena. VILLA DE VALLECAS
Gran concurso de la maternidad en el mundo animal,/portales/munimadrid/es/Inicio/Cultura-ocio-y-deporte/Gran-concurso-de-la-maternidad-en-el-mundo-animal/?vgnextfmt=default&vgnextoid=9eb630cd70266910VgnVCM1000001d4a900aRCRD&vgnextchannel=7911f073808fe410VgnVCM2000000c205a0aRCRD,CURSOS Y TALLERES,Viernes 2 de mayo de 2025,Centro de Educación Ambiental y Cultural Maris Stella (Usera). USERA
Érase una vez un pato - Teatro La Proa (Cuba),/portales/munimadrid/es/Inicio/Cultura-ocio-y-deporte/Erase-una-vez-un-pato-Teatro-La-Proa-Cuba-/?vgnextfmt=default&vgnextoid=3d89bf4aebf85910VgnVCM1000001d4a900aRCRD&vgnextchannel=7911f073808fe410VgnVCM2000000c205a0aRCRD,"CUENTACUENTOS, TÍTERES Y MARIONETAS, 
            
            MADRID DESTINO","Del sábado 3 de mayo de 2025
al domingo 4 de mayo de 2025",Teatro Municipal de Títeres. Parque de El Retiro. RETIRO
Womagis,/portales/munimadrid/es/Inicio/Cultura-ocio-y-deporte/Womagis/?vgnextfmt=default&vgnextoid=e6ee826e66266910VgnVCM1000001d4a900aRCRD&vgnextchannel=7911f073808fe410VgnVCM2000000c205a0aRCRD,TEATRO PERFOMANCE,Sábado 3 de mayo de 2025,Centro Cultural Casa de Vacas (Retiro). RETIRO
REUTILIZ-ARTE: Mayo el mes de las flores,/portales/munimadrid/es/Inicio/Cultura-ocio-y-deporte/REUTILIZ-ARTE-Mayo-el-mes-de-las-flores/?vgnextfmt=default&vgnextoid=5978cbdaa1266910VgnVCM1000001d4a900aRCRD&vgnextchannel=7911f073808fe410VgnVCM2000000c205a0aRCRD,"CUENTACUENTOS, TÍTERES Y MARIONETAS, 
            
            ACTIVIDADES CALLE, ARTE URBANO, 
            
            DANZA Y BAILE, 
            
            ITINERARIOS Y OTRAS ACTIVIDADES AMBIENTALES, 
            
            ACTIVIDADES DEPORTIVAS, 
            
            CINE ACTIVIDADES AUDIOVISUALES, 
            
            CURSOS Y TALLERES, 
            
            MÚSICA, 
            
            TEATRO PERFOMANCE, 
            
            EXCURSIONES ITINERARIOS VISITAS, 
            
            EXPOSICIONES, 
            
            CONFERENCIAS Y COLOQUIOS, 
            
            CONGRESOS Y JORNADAS",Sábado 3 de mayo de 2025,Centro de Educación Ambiental y Cultural Maris Stella (Usera). USERA
Un mundo de cuentos,/portales/munimadrid/es/Inicio/Cultura-ocio-y-deporte/Un-mundo-de-cuentos/?vgnextfmt=default&vgnextoid=971796d505336910VgnVCM1000001d4a900aRCRD&vgnextchannel=7911f073808fe410VgnVCM2000000c205a0aRCRD,"CUENTACUENTOS, TÍTERES Y MARIONETAS",Martes 6 de mayo de 2025,Biblioteca Pública Municipal Ana María Matute (Carabanchel). CARABANCHEL
'A jugar con los libros',/portales/munimadrid/es/Inicio/Cultura-ocio-y-deporte/-A-jugar-con-los-libros-/?vgnextfmt=default&vgnextoid=7e93528353436910VgnVCM2000001f4a900aRCRD&vgnextchannel=7911f073808fe410VgnVCM2000000c205a0aRCRD,"CUENTACUENTOS, TÍTERES Y MARIONETAS",Martes 6 de mayo de 2025,Biblioteca Pública Municipal La Elipa (Ciudad Lineal). CIUDAD LINEAL
Viaje al centro del laberinto,/portales/munimadrid/es/Inicio/Cultura-ocio-y-deporte/Viaje-al-centro-del-laberinto/?vgnextfmt=default&vgnextoid=d3fc468e9b336910VgnVCM1000001d4a900aRCRD&vgnextchannel=7911f073808fe410VgnVCM2000000c205a0aRCRD,"CUENTACUENTOS, TÍTERES Y MARIONETAS",Miércoles 7 de mayo de 2025,Biblioteca Pública Municipal San Blas (San Blas-Canillejas). SAN BLAS-CANILLEJAS
"Miau, miau",/portales/munimadrid/es/Inicio/Cultura-ocio-y-deporte/Miau-miau/?vgnextfmt=default&vgnextoid=40b052aee7336910VgnVCM1000001d4a900aRCRD&vgnextchannel=7911f073808fe410VgnVCM2000000c205a0aRCRD,"CUENTACUENTOS, TÍTERES Y MARIONETAS",Miércoles 7 de mayo de 2025,Biblioteca Pública Municipal Gloria Fuertes (Barajas). BARAJAS
A taste of the moon,/portales/munimadrid/es/Inicio/Cultura-ocio-y-deporte/A-taste-of-the-moon/?vgnextfmt=default&vgnextoid=2c4e528353436910VgnVCM2000001f4a900aRCRD&vgnextchannel=7911f073808fe410VgnVCM2000000c205a0aRCRD,"CUENTACUENTOS, TÍTERES Y MARIONETAS",Miércoles 7 de mayo de 2025,Biblioteca Pública Municipal José Hierro (San Blas-Canillejas). SAN BLAS-CANILLEJAS
'Cuentos en la granja',/portales/munimadrid/es/Inicio/Cultura-ocio-y-deporte/-Cuentos-en-la-granja-/?vgnextfmt=default&vgnextoid=a6c3528353436910VgnVCM2000001f4a900aRCRD&vgnextchannel=7911f073808fe410VgnVCM2000000c205a0aRCRD,"CUENTACUENTOS, TÍTERES Y MARIONETAS",Miércoles 7 de mayo de 2025,Biblioteca Pública Municipal Eugenio Trías. Casa de Fieras de El Retiro (Retiro). RETIRO
En el bosque,/portales/munimadrid/es/Inicio/Cultura-ocio-y-deporte/En-el-bosque/?vgnextfmt=default&vgnextoid=acfe468e9b336910VgnVCM1000001d4a900aRCRD&vgnextchannel=7911f073808fe410VgnVCM2000000c205a0aRCRD,"CUENTACUENTOS, TÍTERES Y MARIONETAS",Jueves 8 de mayo de 2025,Biblioteca Pública Municipal Pozo del Tío Raimundo (Puente de Vallecas). PUENTE DE VALLECAS
Cuentos de animalitos y animalotes,/portales/munimadrid/es/Inicio/Cultura-ocio-y-deporte/Cuentos-de-animalitos-y-animalotes/?vgnextfmt=default&vgnextoid=14ed468e9b336910VgnVCM1000001d4a900aRCRD&vgnextchannel=7911f073808fe410VgnVCM2000000c205a0aRCRD,"CUENTACUENTOS, TÍTERES Y MARIONETAS",Jueves 8 de mayo de 2025,Biblioteca Pública Municipal Benito Pérez Galdós (Centro). CENTRO
A taste of the moon,/portales/munimadrid/es/Inicio/Cultura-ocio-y-deporte/A-taste-of-the-moon/?vgnextfmt=default&vgnextoid=baceaa4735436910VgnVCM1000001d4a900aRCRD&vgnextchannel=7911f073808fe410VgnVCM2000000c205a0aRCRD,"CUENTACUENTOS, TÍTERES Y MARIONETAS",Jueves 8 de mayo de 2025,Biblioteca Pública Municipal Vicálvaro. VICALVARO
'Si las nubes fueran de algodón',/portales/munimadrid/es/Inicio/Cultura-ocio-y-deporte/-Si-las-nubes-fueran-de-algodon-/?vgnextfmt=default&vgnextoid=31f3528353436910VgnVCM2000001f4a900aRCRD&vgnextchannel=7911f073808fe410VgnVCM2000000c205a0aRCRD,"CUENTACUENTOS, TÍTERES Y MARIONETAS",Jueves 8 de mayo de 2025,Biblioteca Pública Municipal Gerardo Diego (Villa de Vallecas). VILLA DE VALLECAS
Jugamos por Europa,/portales/munimadrid/es/Inicio/Cultura-ocio-y-deporte/Jugamos-por-Europa/?vgnextfmt=default&vgnextoid=adad0e8c6b266910VgnVCM1000001d4a900aRCRD&vgnextchannel=7911f073808fe410VgnVCM2000000c205a0aRCRD,CURSOS Y TALLERES,Jueves 8 de mayo de 2025,Biblioteca Pública Municipal José Hierro (San Blas-Canillejas). SAN BLAS-CANILLEJAS
A la mar salada,/portales/munimadrid/es/Inicio/Cultura-ocio-y-deporte/A-la-mar-salada/?vgnextfmt=default&vgnextoid=366f468e9b336910VgnVCM1000001d4a900aRCRD&vgnextchannel=7911f073808fe410VgnVCM2000000c205a0aRCRD,"CUENTACUENTOS, TÍTERES Y MARIONETAS",Viernes 9 de mayo de 2025,Biblioteca Pública Municipal Ciudad Lineal (Ciudad Lineal). CIUDAD LINEAL
¿Hay alguien más aburrido que yo?,/portales/munimadrid/es/Inicio/Cultura-ocio-y-deporte/Hay-alguien-mas-aburrido-que-yo-/?vgnextfmt=default&vgnextoid=3495dd4357a16910VgnVCM2000001f4a900aRCRD&vgnextchannel=7911f073808fe410VgnVCM2000000c205a0aRCRD,"CUENTACUENTOS, TÍTERES Y MARIONETAS",Viernes 9 de mayo de 2025,Biblioteca Pública Municipal Pablo Neruda (Ciudad Lineal). CIUDAD LINEAL
Un día de la Prehistoria,/portales/munimadrid/es/Inicio/Cultura-ocio-y-deporte/Un-dia-de-la-Prehistoria/?vgnextfmt=default&vgnextoid=964d826e66266910VgnVCM1000001d4a900aRCRD&vgnextchannel=7911f073808fe410VgnVCM2000000c205a0aRCRD,Sin tipo,Viernes 9 de mayo de 2025,Centro Sociocultural Tetuán. TETUAN
Teatro en familia,/portales/munimadrid/es/Inicio/Cultura-ocio-y-deporte/Teatro-en-familia/?vgnextfmt=default&vgnextoid=42accbdaa1266910VgnVCM1000001d4a900aRCRD&vgnextchannel=7911f073808fe410VgnVCM2000000c205a0aRCRD,"CUENTACUENTOS, TÍTERES Y MARIONETAS, 
            
            ACTIVIDADES CALLE, ARTE URBANO, 
            
            DANZA Y BAILE, 
            
            ITINERARIOS Y OTRAS ACTIVIDADES AMBIENTALES, 
            
            ACTIVIDADES DEPORTIVAS, 
            
            CINE ACTIVIDADES AUDIOVISUALES, 
            
            CURSOS Y TALLERES, 
            
            MÚSICA, 
            
            TEATRO PERFOMANCE, 
            
            EXCURSIONES ITINERARIOS VISITAS, 
            
            EXPOSICIONES, 
            
            CONFERENCIAS Y COLOQUIOS, 
            
            CONGRESOS Y JORNADAS",Viernes 9 de mayo de 2025,Centro de Educación Ambiental y Cultural Maris Stella (Usera). USERA
Manoviva - Girovago & Rondella (Italia),/portales/munimadrid/es/Inicio/Cultura-ocio-y-deporte/Manoviva-Girovago-Rondella-Italia-/?vgnextfmt=default&vgnextoid=5c60ab4f96f85910VgnVCM2000001f4a900aRCRD&vgnextchannel=7911f073808fe410VgnVCM2000000c205a0aRCRD,"CUENTACUENTOS, TÍTERES Y MARIONETAS, 
            
            MADRID DESTINO","Del sábado 10 de mayo de 2025
al domingo 11 de mayo de 2025",Teatro Municipal de Títeres. Parque de El Retiro. RETIRO
Asalto a la lectura. Animales grandes,/portales/munimadrid/es/Inicio/Cultura-ocio-y-deporte/Asalto-a-la-lectura-Animales-grandes/?vgnextfmt=default&vgnextoid=820e5f0dcc336910VgnVCM2000001f4a900aRCRD&vgnextchannel=7911f073808fe410VgnVCM2000000c205a0aRCRD,"RECITALES, PRESENTACIONES Y ACTOS LITERARIOS, 
            
            CURSOS Y TALLERES",Sábado 10 de mayo de 2025,Centro Cultural Clara del Rey - Museo ABC (Centro). CENTRO
The cook and the king,/portales/munimadrid/es/Inicio/Cultura-ocio-y-deporte/The-cook-and-the-king/?vgnextfmt=default&vgnextoid=5b9faa4735436910VgnVCM1000001d4a900aRCRD&vgnextchannel=7911f073808fe410VgnVCM2000000c205a0aRCRD,"CUENTACUENTOS, TÍTERES Y MARIONETAS",Sábado 10 de mayo de 2025,Biblioteca Pública Municipal Iván de Vargas (Centro). CENTRO
"Cuento: Maxi, el petirrojo sensible de la Dehesa de la Villa",/portales/munimadrid/es/Inicio/Cultura-ocio-y-deporte/Cuento-Maxi-el-petirrojo-sensible-de-la-Dehesa-de-la-Villa/?vgnextfmt=default&vgnextoid=7718a9e609756910VgnVCM1000001d4a900aRCRD&vgnextchannel=7911f073808fe410VgnVCM2000000c205a0aRCRD,"CUENTACUENTOS, TÍTERES Y MARIONETAS",Sábado 10 de mayo de 2025,Centro de Información y Educación Ambiental de Dehesa de la Villa. MONCLOA-ARAVACA
Érase casi una vez,/portales/munimadrid/es/Inicio/Cultura-ocio-y-deporte/Erase-casi-una-vez/?vgnextfmt=default&vgnextoid=eaa003a1c2d56910VgnVCM1000001d4a900aRCRD&vgnextchannel=7911f073808fe410VgnVCM2000000c205a0aRCRD,TEATRO PERFOMANCE,Sábado 10 de mayo de 2025,Centro Cultural Orcasur (Usera). USERA
La edad de hielo,/portales/munimadrid/es/Inicio/Cultura-ocio-y-deporte/La-edad-de-hielo/?vgnextfmt=default&vgnextoid=486303a1c2d56910VgnVCM1000001d4a900aRCRD&vgnextchannel=7911f073808fe410VgnVCM2000000c205a0aRCRD,TEATRO PERFOMANCE,Sábado 10 de mayo de 2025,Centro Sociocultural San Fermín (Usera). USERA
Be Kind Remind: Taller infantil de creación audiovisual y archivo,/portales/munimadrid/es/Inicio/Cultura-ocio-y-deporte/Be-Kind-Remind-Taller-infantil-de-creacion-audiovisual-y-archivo/?vgnextfmt=default&vgnextoid=fc307ad544266910VgnVCM1000001d4a900aRCRD&vgnextchannel=7911f073808fe410VgnVCM2000000c205a0aRCRD,"CURSOS Y TALLERES, 
            
            EXPOSICIONES","Del sábado 10 de mayo de 2025
al domingo 11 de mayo de 2025",Cineteca Madrid. ARGANZUELA
La Maga,/portales/munimadrid/es/Inicio/Cultura-ocio-y-deporte/La-Maga/?vgnextfmt=default&vgnextoid=b7d50865ba666910VgnVCM1000001d4a900aRCRD&vgnextchannel=7911f073808fe410VgnVCM2000000c205a0aRCRD,TEATRO PERFOMANCE,Sábado 10 de mayo de 2025,Centro Cultural Mercado de Ibiza (Retiro). RETIRO
Salvajes,/portales/munimadrid/es/Inicio/Cultura-ocio-y-deporte/Salvajes/?vgnextfmt=default&vgnextoid=912adedac5936910VgnVCM2000001f4a900aRCRD&vgnextchannel=7911f073808fe410VgnVCM2000000c205a0aRCRD,CINE ACTIVIDADES AUDIOVISUALES,Domingo 11 de mayo de 2025,Centro Cultural Buero Vallejo (San Blas - Canillejas). SAN BLAS-CANILLEJAS
Cuentos con amor por un mundo mejor,/portales/munimadrid/es/Inicio/Cultura-ocio-y-deporte/Cuentos-con-amor-por-un-mundo-mejor/?vgnextfmt=default&vgnextoid=0d40468e9b336910VgnVCM1000001d4a900aRCRD&vgnextchannel=7911f073808fe410VgnVCM2000000c205a0aRCRD,"CUENTACUENTOS, TÍTERES Y MARIONETAS",Domingo 11 de mayo de 2025,Biblioteca Pública Municipal Ángel González (Latina). LATINA
Aventuras de piratas,/portales/munimadrid/es/Inicio/Cultura-ocio-y-deporte/Aventuras-de-piratas/?vgnextfmt=default&vgnextoid=3c9744afff756910VgnVCM2000001f4a900aRCRD&vgnextchannel=7911f073808fe410VgnVCM2000000c205a0aRCRD,"FIESTAS DE  SAN ISIDRO, 
            
            TEATRO PERFOMANCE, 
            
            MADRID DESTINO",Domingo 11 de mayo de 2025,Centro Cultural Ciudad Pegaso (San Blas - Canillejas). SAN BLAS-CANILLEJAS
Orcobblu,/portales/munimadrid/es/Inicio/Cultura-ocio-y-deporte/Orcobblu/?vgnextfmt=default&vgnextoid=d6ac03a1c2d56910VgnVCM1000001d4a900aRCRD&vgnextchannel=7911f073808fe410VgnVCM2000000c205a0aRCRD,"CUENTACUENTOS, TÍTERES Y MARIONETAS",Domingo 11 de mayo de 2025,Centro Cultural Meseta de Orcasitas (Usera). USERA
Crea tus propios imanes para celebrar el Día Mundial de las aves Migratorias,/portales/munimadrid/es/Inicio/Cultura-ocio-y-deporte/Crea-tus-propios-imanes-para-celebrar-el-Dia-Mundial-de-las-aves-Migratorias/?vgnextfmt=default&vgnextoid=2473cbdaa1266910VgnVCM1000001d4a900aRCRD&vgnextchannel=7911f073808fe410VgnVCM2000000c205a0aRCRD,CURSOS Y TALLERES,Domingo 11 de mayo de 2025,Centro de Educación Ambiental y Cultural Maris Stella (Usera). USERA
Five little goats,/portales/munimadrid/es/Inicio/Cultura-ocio-y-deporte/Five-little-goats/?vgnextfmt=default&vgnextoid=5ad0aa4735436910VgnVCM1000001d4a900aRCRD&vgnextchannel=7911f073808fe410VgnVCM2000000c205a0aRCRD,"CUENTACUENTOS, TÍTERES Y MARIONETAS",Lunes 12 de mayo de 2025,Biblioteca Pública Municipal Mario Vargas Llosa (Centro). CENTRO
"'1. 2, 3, dedos, manos y pies'",/portales/munimadrid/es/Inicio/Cultura-ocio-y-deporte/-1-2-3-dedos-manos-y-pies-/?vgnextfmt=default&vgnextoid=ea14528353436910VgnVCM2000001f4a900aRCRD&vgnextchannel=7911f073808fe410VgnVCM2000000c205a0aRCRD,"CUENTACUENTOS, TÍTERES Y MARIONETAS",Martes 13 de mayo de 2025,Biblioteca Pública Municipal Francisco Ibáñez (Chamartín). CHAMARTIN
Cine infantil en la Biblioteca María Lejárraga: 'Antz',/portales/munimadrid/es/Inicio/Cultura-ocio-y-deporte/Cine-infantil-en-la-Biblioteca-Maria-Lejarraga-Antz-/?vgnextfmt=default&vgnextoid=897e969485f75910VgnVCM2000001f4a900aRCRD&vgnextchannel=7911f073808fe410VgnVCM2000000c205a0aRCRD,CINE ACTIVIDADES AUDIOVISUALES,Martes 13 de mayo de 2025,Biblioteca Pública Municipal María Lejárraga (Hortaleza). HORTALEZA
Llega San Isidro con cuentos y manualidades,/portales/munimadrid/es/Inicio/Cultura-ocio-y-deporte/Llega-San-Isidro-con-cuentos-y-manualidades/?vgnextfmt=default&vgnextoid=a11dced21c666910VgnVCM2000001f4a900aRCRD&vgnextchannel=7911f073808fe410VgnVCM2000000c205a0aRCRD,CURSOS Y TALLERES,Martes 13 de mayo de 2025,Biblioteca Pública Municipal Canillejas (San Blas-Canillejas). SAN BLAS-CANILLEJAS
'Animalitis',/portales/munimadrid/es/Inicio/Cultura-ocio-y-deporte/-Animalitis-/?vgnextfmt=default&vgnextoid=b15644afff756910VgnVCM2000001f4a900aRCRD&vgnextchannel=7911f073808fe410VgnVCM2000000c205a0aRCRD,"CUENTACUENTOS, TÍTERES Y MARIONETAS",Martes 13 de mayo de 2025,Biblioteca Pública Municipal María Zambrano (Tetuán). TETUAN
'A la mar salada',/portales/munimadrid/es/Inicio/Cultura-ocio-y-deporte/-A-la-mar-salada-/?vgnextfmt=default&vgnextoid=2c307647da5f5910VgnVCM1000001d4a900aRCRD&vgnextchannel=7911f073808fe410VgnVCM2000000c205a0aRCRD,"CUENTACUENTOS, TÍTERES Y MARIONETAS",Martes 13 de mayo de 2025,Biblioteca Pública Municipal Huerta de la Salud (Hortaleza). HORTALEZA
The cook and the king,/portales/munimadrid/es/Inicio/Cultura-ocio-y-deporte/The-cook-and-the-king/?vgnextfmt=default&vgnextoid=8e02aa4735436910VgnVCM1000001d4a900aRCRD&vgnextchannel=7911f073808fe410VgnVCM2000000c205a0aRCRD,"CUENTACUENTOS, TÍTERES Y MARIONETAS",Miércoles 14 de mayo de 2025,Biblioteca Pública Municipal Francisco Ayala (Vicálvaro). VICALVARO
'Viri Virom',/portales/munimadrid/es/Inicio/Cultura-ocio-y-deporte/-Viri-Virom-/?vgnextfmt=default&vgnextoid=6884528353436910VgnVCM2000001f4a900aRCRD&vgnextchannel=7911f073808fe410VgnVCM2000000c205a0aRCRD,"CUENTACUENTOS, TÍTERES Y MARIONETAS",Miércoles 14 de mayo de 2025,Biblioteca Pública Municipal José Saramago (Fuencarral-El Pardo). FUENCARRAL-EL PARDO
Do It Yourself: Especial San Isidro,/portales/munimadrid/es/Inicio/Cultura-ocio-y-deporte/Do-It-Yourself-Especial-San-Isidro/?vgnextfmt=default&vgnextoid=d5dcd15c0bfe4910VgnVCM2000001f4a900aRCRD&vgnextchannel=7911f073808fe410VgnVCM2000000c205a0aRCRD,CURSOS Y TALLERES,Miércoles 14 de mayo de 2025,Biblioteca Pública Municipal José Hierro (San Blas-Canillejas). SAN BLAS-CANILLEJAS
'Cuentos en la granja',/portales/munimadrid/es/Inicio/Cultura-ocio-y-deporte/-Cuentos-en-la-granja-/?vgnextfmt=default&vgnextoid=952744afff756910VgnVCM2000001f4a900aRCRD&vgnextchannel=7911f073808fe410VgnVCM2000000c205a0aRCRD,"CUENTACUENTOS, TÍTERES Y MARIONETAS",Miércoles 14 de mayo de 2025,Biblioteca Pública Municipal Aluche (Latina). LATINA
Cuando los hombres tengan alas - La Malette. (Francia/Uruguay),/portales/munimadrid/es/Inicio/Cultura-ocio-y-deporte/Cuando-los-hombres-tengan-alas-La-Malette-Francia-Uruguay-/?vgnextfmt=default&vgnextoid=5ebabf4aebf85910VgnVCM1000001d4a900aRCRD&vgnextchannel=7911f073808fe410VgnVCM2000000c205a0aRCRD,"CUENTACUENTOS, TÍTERES Y MARIONETAS",Jueves 15 de mayo de 2025,Teatro Municipal de Títeres. Parque de El Retiro. RETIRO
Mi amiga madrileña,/portales/munimadrid/es/Inicio/Cultura-ocio-y-deporte/Mi-amiga-madrilena/?vgnextfmt=default&vgnextoid=23dd826e66266910VgnVCM1000001d4a900aRCRD&vgnextchannel=7911f073808fe410VgnVCM2000000c205a0aRCRD,Sin tipo,Viernes 16 de mayo de 2025,Centro Sociocultural Tetuán. TETUAN
El viaje de Cervantes,/portales/munimadrid/es/Inicio/Cultura-ocio-y-deporte/El-viaje-de-Cervantes/?vgnextfmt=default&vgnextoid=ebe1826e66266910VgnVCM1000001d4a900aRCRD&vgnextchannel=7911f073808fe410VgnVCM2000000c205a0aRCRD,Sin tipo,Viernes 16 de mayo de 2025,Centro Cultural Eduardo Úrculo (Tetuán). TETUAN
"Pluma, guitarra y papel - Los duendes (Comunidad Valenciana)",/portales/munimadrid/es/Inicio/Cultura-ocio-y-deporte/Pluma-guitarra-y-papel-Los-duendes-Comunidad-Valenciana-/?vgnextfmt=default&vgnextoid=3992177c89395910VgnVCM2000001f4a900aRCRD&vgnextchannel=7911f073808fe410VgnVCM2000000c205a0aRCRD,"CUENTACUENTOS, TÍTERES Y MARIONETAS","Del sábado 17 de mayo de 2025
al domingo 18 de mayo de 2025",Teatro Municipal de Títeres. Parque de El Retiro. RETIRO
Partida de rol: Cthulhu en la biblioteca,/portales/munimadrid/es/Inicio/Cultura-ocio-y-deporte/Partida-de-rol-Cthulhu-en-la-biblioteca/?vgnextfmt=default&vgnextoid=60df9aa342165910VgnVCM2000001f4a900aRCRD&vgnextchannel=7911f073808fe410VgnVCM2000000c205a0aRCRD,CURSOS Y TALLERES,Sábado 17 de mayo de 2025,Biblioteca Pública Municipal Iván de Vargas (Centro). CENTRO
Al abordaje piratas,/portales/munimadrid/es/Inicio/Cultura-ocio-y-deporte/Al-abordaje-piratas/?vgnextfmt=default&vgnextoid=da256267aec56910VgnVCM1000001d4a900aRCRD&vgnextchannel=7911f073808fe410VgnVCM2000000c205a0aRCRD,TEATRO PERFOMANCE,Sábado 17 de mayo de 2025,Sin lugar
Pum pum al cerro voy,/portales/munimadrid/es/Inicio/Cultura-ocio-y-deporte/Pum-pum-al-cerro-voy/?vgnextfmt=default&vgnextoid=bc8103a1c2d56910VgnVCM1000001d4a900aRCRD&vgnextchannel=7911f073808fe410VgnVCM2000000c205a0aRCRD,TEATRO PERFOMANCE,Sábado 17 de mayo de 2025,Centro Cultural Orcasur (Usera). USERA
"Babe, el Cerdito valiente",/portales/munimadrid/es/Inicio/Cultura-ocio-y-deporte/Babe-el-Cerdito-valiente/?vgnextfmt=default&vgnextoid=f8ae826e66266910VgnVCM1000001d4a900aRCRD&vgnextchannel=7911f073808fe410VgnVCM2000000c205a0aRCRD,CINE ACTIVIDADES AUDIOVISUALES,Sábado 17 de mayo de 2025,Centro Sociocultural Tetuán. TETUAN
Espuma de mar,/portales/munimadrid/es/Inicio/Cultura-ocio-y-deporte/Espuma-de-mar/?vgnextfmt=default&vgnextoid=a084e7802e416910VgnVCM2000001f4a900aRCRD&vgnextchannel=7911f073808fe410VgnVCM2000000c205a0aRCRD,TEATRO PERFOMANCE,Domingo 18 de mayo de 2025,Centro Cultural Sanchinarro (Hortaleza). HORTALEZA
Como perros y gatos,/portales/munimadrid/es/Inicio/Cultura-ocio-y-deporte/Como-perros-y-gatos/?vgnextfmt=default&vgnextoid=375f045d2c756910VgnVCM2000001f4a900aRCRD&vgnextchannel=7911f073808fe410VgnVCM2000000c205a0aRCRD,"CUENTACUENTOS, TÍTERES Y MARIONETAS, 
            
            TEATRO PERFOMANCE",Domingo 18 de mayo de 2025,Centro Sociocultural Miguel de Cervantes (San Blas - Canillejas). SAN BLAS-CANILLEJAS
La cebra Camila,/portales/munimadrid/es/Inicio/Cultura-ocio-y-deporte/La-cebra-Camila/?vgnextfmt=default&vgnextoid=f4c453aa37d56910VgnVCM2000001f4a900aRCRD&vgnextchannel=7911f073808fe410VgnVCM2000000c205a0aRCRD,"CUENTACUENTOS, TÍTERES Y MARIONETAS",Domingo 18 de mayo de 2025,Centro Cultural José Luis López Vázquez (San Blas - Canillejas). SAN BLAS-CANILLEJAS
¡Experimentos locos con el Agua!,/portales/munimadrid/es/Inicio/Cultura-ocio-y-deporte/Experimentos-locos-con-el-Agua-/?vgnextfmt=default&vgnextoid=a813826e66266910VgnVCM1000001d4a900aRCRD&vgnextchannel=7911f073808fe410VgnVCM2000000c205a0aRCRD,CURSOS Y TALLERES,Domingo 18 de mayo de 2025,Centro de Educación Ambiental y Cultural Maris Stella (Usera). USERA
PequeRitmo,/portales/munimadrid/es/Inicio/Cultura-ocio-y-deporte/PequeRitmo/?vgnextfmt=default&vgnextoid=8fa3826e66266910VgnVCM1000001d4a900aRCRD&vgnextchannel=7911f073808fe410VgnVCM2000000c205a0aRCRD,CURSOS Y TALLERES,Domingo 18 de mayo de 2025,Centro de Educación Ambiental y Cultural Maris Stella (Usera). USERA
La pequeña Yak y el elefante curioso,/portales/munimadrid/es/Inicio/Cultura-ocio-y-deporte/La-pequena-Yak-y-el-elefante-curioso/?vgnextfmt=default&vgnextoid=dab744afff756910VgnVCM2000001f4a900aRCRD&vgnextchannel=7911f073808fe410VgnVCM2000000c205a0aRCRD,"CUENTACUENTOS, TÍTERES Y MARIONETAS",Domingo 18 de mayo de 2025,Biblioteca Pública Municipal San Fermín (Usera). USERA
'Con mis manitas',/portales/munimadrid/es/Inicio/Cultura-ocio-y-deporte/-Con-mis-manitas-/?vgnextfmt=default&vgnextoid=72d4528353436910VgnVCM2000001f4a900aRCRD&vgnextchannel=7911f073808fe410VgnVCM2000000c205a0aRCRD,"CUENTACUENTOS, TÍTERES Y MARIONETAS",Lunes 19 de mayo de 2025,Biblioteca Pública Municipal Mario Vargas Llosa (Centro). CENTRO
The cook and the king,/portales/munimadrid/es/Inicio/Cultura-ocio-y-deporte/The-cook-and-the-king/?vgnextfmt=default&vgnextoid=f603aa4735436910VgnVCM1000001d4a900aRCRD&vgnextchannel=7911f073808fe410VgnVCM2000000c205a0aRCRD,"CUENTACUENTOS, TÍTERES Y MARIONETAS",Miércoles 21 de mayo de 2025,Biblioteca Pública Municipal David Gistau (Salamanca). SALAMANCA
'Con mis manitas',/portales/munimadrid/es/Inicio/Cultura-ocio-y-deporte/-Con-mis-manitas-/?vgnextfmt=default&vgnextoid=68f4528353436910VgnVCM2000001f4a900aRCRD&vgnextchannel=7911f073808fe410VgnVCM2000000c205a0aRCRD,"CUENTACUENTOS, TÍTERES Y MARIONETAS",Miércoles 21 de mayo de 2025,Biblioteca Pública Municipal Gloria Fuertes (Barajas). BARAJAS
A taste of the moon,/portales/munimadrid/es/Inicio/Cultura-ocio-y-deporte/A-taste-of-the-moon/?vgnextfmt=default&vgnextoid=edd0528353436910VgnVCM2000001f4a900aRCRD&vgnextchannel=7911f073808fe410VgnVCM2000000c205a0aRCRD,"CUENTACUENTOS, TÍTERES Y MARIONETAS",Jueves 22 de mayo de 2025,Biblioteca Pública Municipal Pablo Neruda (Ciudad Lineal). CIUDAD LINEAL
'Había una vez una iguana',/portales/munimadrid/es/Inicio/Cultura-ocio-y-deporte/-Habia-una-vez-una-iguana-/?vgnextfmt=default&vgnextoid=af15528353436910VgnVCM2000001f4a900aRCRD&vgnextchannel=7911f073808fe410VgnVCM2000000c205a0aRCRD,"CUENTACUENTOS, TÍTERES Y MARIONETAS",Jueves 22 de mayo de 2025,Biblioteca Pública Municipal Manuel Vázquez Montalbán (Tetuán). TETUAN
The far West,/portales/munimadrid/es/Inicio/Cultura-ocio-y-deporte/The-far-West/?vgnextfmt=default&vgnextoid=5b8354e4ac5f5910VgnVCM2000001f4a900aRCRD&vgnextchannel=7911f073808fe410VgnVCM2000000c205a0aRCRD,"CUENTACUENTOS, TÍTERES Y MARIONETAS",Viernes 23 de mayo de 2025,Biblioteca Pública Municipal San Blas (San Blas-Canillejas). SAN BLAS-CANILLEJAS
Historia de Piratas,/portales/munimadrid/es/Inicio/Cultura-ocio-y-deporte/Historia-de-Piratas/?vgnextfmt=default&vgnextoid=2ffe826e66266910VgnVCM1000001d4a900aRCRD&vgnextchannel=7911f073808fe410VgnVCM2000000c205a0aRCRD,Sin tipo,Viernes 23 de mayo de 2025,Centro Sociocultural Tetuán. TETUAN
Teatro en familia,/portales/munimadrid/es/Inicio/Cultura-ocio-y-deporte/Teatro-en-familia/?vgnextfmt=default&vgnextoid=328ecbdaa1266910VgnVCM1000001d4a900aRCRD&vgnextchannel=7911f073808fe410VgnVCM2000000c205a0aRCRD,CURSOS Y TALLERES,Viernes 23 de mayo de 2025,Centro de Educación Ambiental y Cultural Maris Stella (Usera). USERA
El Fado de Ulisses - Rodopio d´ideias (Portugal),/portales/munimadrid/es/Inicio/Cultura-ocio-y-deporte/El-Fado-de-Ulisses-Rodopio-dideias-Portugal-/?vgnextfmt=default&vgnextoid=aad2177c89395910VgnVCM2000001f4a900aRCRD&vgnextchannel=7911f073808fe410VgnVCM2000000c205a0aRCRD,"CUENTACUENTOS, TÍTERES Y MARIONETAS","Del sábado 24 de mayo de 2025
al domingo 25 de mayo de 2025",Teatro Municipal de Títeres. Parque de El Retiro. RETIRO
Una de ratones,/portales/munimadrid/es/Inicio/Cultura-ocio-y-deporte/Una-de-ratones/?vgnextfmt=default&vgnextoid=7b88a194b1fa5910VgnVCM2000001f4a900aRCRD&vgnextchannel=7911f073808fe410VgnVCM2000000c205a0aRCRD,TEATRO PERFOMANCE,Sábado 24 de mayo de 2025,Teatro Municipal de Vallecas. VILLA DE VALLECAS
Taller de traducción para pequeños lingüistas,/portales/munimadrid/es/Inicio/Cultura-ocio-y-deporte/Taller-de-traduccion-para-pequenos-linguistas/?vgnextfmt=default&vgnextoid=bb59828cf1936910VgnVCM1000001d4a900aRCRD&vgnextchannel=7911f073808fe410VgnVCM2000000c205a0aRCRD,"RECITALES, PRESENTACIONES Y ACTOS LITERARIOS, 
            
            LITERATURA, 
            
            CURSOS Y TALLERES",Sábado 24 de mayo de 2025,Matadero Madrid. ARGANZUELA
Personajes ilustrados,/portales/munimadrid/es/Inicio/Cultura-ocio-y-deporte/Personajes-ilustrados/?vgnextfmt=default&vgnextoid=6449828cf1936910VgnVCM1000001d4a900aRCRD&vgnextchannel=7911f073808fe410VgnVCM2000000c205a0aRCRD,"RECITALES, PRESENTACIONES Y ACTOS LITERARIOS, 
            
            LITERATURA, 
            
            CURSOS Y TALLERES, 
            
            EXPOSICIONES",Sábado 24 de mayo de 2025,Matadero Madrid. ARGANZUELA
'Aserrín-Aserrán',/portales/munimadrid/es/Inicio/Cultura-ocio-y-deporte/-Aserrin-Aserran-/?vgnextfmt=default&vgnextoid=887125cb844a5910VgnVCM2000001f4a900aRCRD&vgnextchannel=7911f073808fe410VgnVCM2000000c205a0aRCRD,"CUENTACUENTOS, TÍTERES Y MARIONETAS",Sábado 24 de mayo de 2025,Biblioteca Pública Municipal San Fermín (Usera). USERA
DisneMagical,/portales/munimadrid/es/Inicio/Cultura-ocio-y-deporte/DisneMagical/?vgnextfmt=default&vgnextoid=6d2203a1c2d56910VgnVCM1000001d4a900aRCRD&vgnextchannel=7911f073808fe410VgnVCM2000000c205a0aRCRD,TEATRO PERFOMANCE,Sábado 24 de mayo de 2025,Centro Cultural Orcasur (Usera). USERA
El Oso Yogui,/portales/munimadrid/es/Inicio/Cultura-ocio-y-deporte/El-Oso-Yogui/?vgnextfmt=default&vgnextoid=223f826e66266910VgnVCM1000001d4a900aRCRD&vgnextchannel=7911f073808fe410VgnVCM2000000c205a0aRCRD,Sin tipo,Sábado 24 de mayo de 2025,Centro Sociocultural Tetuán. TETUAN
Kalevala,/portales/munimadrid/es/Inicio/Cultura-ocio-y-deporte/Kalevala/?vgnextfmt=default&vgnextoid=bb4a0e8c6b266910VgnVCM1000001d4a900aRCRD&vgnextchannel=7911f073808fe410VgnVCM2000000c205a0aRCRD,TEATRO PERFOMANCE,Sábado 24 de mayo de 2025,Centro Cultural Las Californias (Retiro). RETIRO
Terracota,/portales/munimadrid/es/Inicio/Cultura-ocio-y-deporte/Terracota/?vgnextfmt=default&vgnextoid=bdbbbf584f666910VgnVCM1000001d4a900aRCRD&vgnextchannel=7911f073808fe410VgnVCM2000000c205a0aRCRD,"CUENTACUENTOS, TÍTERES Y MARIONETAS, 
            
            TEATRO PERFOMANCE",Sábado 24 de mayo de 2025,Centro Cultural Mercado de Ibiza (Retiro). RETIRO
Folklore en Familia: concierto de Vibra-Tó - Chamberí,/portales/munimadrid/es/Inicio/Cultura-ocio-y-deporte/Folklore-en-Familia-concierto-de-Vibra-To-Chamberi/?vgnextfmt=default&vgnextoid=ae3753c73ab16910VgnVCM1000001d4a900aRCRD&vgnextchannel=7911f073808fe410VgnVCM2000000c205a0aRCRD,"21 DISTRITOS, 
            
            MÚSICA",Domingo 25 de mayo de 2025,Centro Cultural Galileo (Chamberí). CHAMBERI
Folklore en Familia: taller de Vibra-Tó - Chamberí,/portales/munimadrid/es/Inicio/Cultura-ocio-y-deporte/Folklore-en-Familia-taller-de-Vibra-To-Chamberi/?vgnextfmt=default&vgnextoid=c45753c73ab16910VgnVCM1000001d4a900aRCRD&vgnextchannel=7911f073808fe410VgnVCM2000000c205a0aRCRD,"21 DISTRITOS, 
            
            CURSOS Y TALLERES, 
            
            MÚSICA",Domingo 25 de mayo de 2025,Centro Cultural Galileo (Chamberí). CHAMBERI
Sirocco y el reino de los vientos,/portales/munimadrid/es/Inicio/Cultura-ocio-y-deporte/Sirocco-y-el-reino-de-los-vientos/?vgnextfmt=default&vgnextoid=517adedac5936910VgnVCM2000001f4a900aRCRD&vgnextchannel=7911f073808fe410VgnVCM2000000c205a0aRCRD,CINE ACTIVIDADES AUDIOVISUALES,Domingo 25 de mayo de 2025,Centro Cultural Buero Vallejo (San Blas - Canillejas). SAN BLAS-CANILLEJAS
El enfermo imaginario,/portales/munimadrid/es/Inicio/Cultura-ocio-y-deporte/El-enfermo-imaginario/?vgnextfmt=default&vgnextoid=b09f045d2c756910VgnVCM2000001f4a900aRCRD&vgnextchannel=7911f073808fe410VgnVCM2000000c205a0aRCRD,"CUENTACUENTOS, TÍTERES Y MARIONETAS, 
            
            TEATRO PERFOMANCE",Domingo 25 de mayo de 2025,Centro Sociocultural Miguel de Cervantes (San Blas - Canillejas). SAN BLAS-CANILLEJAS
Oliverio Satisfecho,/portales/munimadrid/es/Inicio/Cultura-ocio-y-deporte/Oliverio-Satisfecho/?vgnextfmt=default&vgnextoid=52ad03a1c2d56910VgnVCM1000001d4a900aRCRD&vgnextchannel=7911f073808fe410VgnVCM2000000c205a0aRCRD,CIRCO MAGIA,Domingo 25 de mayo de 2025,Centro Cultural Meseta de Orcasitas (Usera). USERA
La hora de Rockear,/portales/munimadrid/es/Inicio/Cultura-ocio-y-deporte/La-hora-de-Rockear/?vgnextfmt=default&vgnextoid=dcbf71adf3d56910VgnVCM2000001f4a900aRCRD&vgnextchannel=7911f073808fe410VgnVCM2000000c205a0aRCRD,MÚSICA,Domingo 25 de mayo de 2025,Centro Cultural Ciudad Pegaso (San Blas - Canillejas). SAN BLAS-CANILLEJAS
Descubre las aves del Parque de Pradolongo,/portales/munimadrid/es/Inicio/Cultura-ocio-y-deporte/Descubre-las-aves-del-Parque-de-Pradolongo/?vgnextfmt=default&vgnextoid=b245826e66266910VgnVCM1000001d4a900aRCRD&vgnextchannel=7911f073808fe410VgnVCM2000000c205a0aRCRD,EXCURSIONES ITINERARIOS VISITAS,Domingo 25 de mayo de 2025,Centro de Educación Ambiental y Cultural Maris Stella (Usera). USERA
Títeres agua,/portales/munimadrid/es/Inicio/Cultura-ocio-y-deporte/Titeres-agua/?vgnextfmt=default&vgnextoid=7ed5826e66266910VgnVCM1000001d4a900aRCRD&vgnextchannel=7911f073808fe410VgnVCM2000000c205a0aRCRD,"CUENTACUENTOS, TÍTERES Y MARIONETAS",Domingo 25 de mayo de 2025,Centro de Educación Ambiental y Cultural Maris Stella (Usera). USERA
A taste of the moon,/portales/munimadrid/es/Inicio/Cultura-ocio-y-deporte/A-taste-of-the-moon/?vgnextfmt=default&vgnextoid=7911528353436910VgnVCM2000001f4a900aRCRD&vgnextchannel=7911f073808fe410VgnVCM2000000c205a0aRCRD,"CUENTACUENTOS, TÍTERES Y MARIONETAS",Jueves 29 de mayo de 2025,Biblioteca Pública Municipal Manuel Vázquez Montalbán (Tetuán). TETUAN
Cine infantil en la Biblioteca María Lejárraga: 'Clifford: el gran perro rojo',/portales/munimadrid/es/Inicio/Cultura-ocio-y-deporte/Cine-infantil-en-la-Biblioteca-Maria-Lejarraga-Clifford-el-gran-perro-rojo-/?vgnextfmt=default&vgnextoid=e252969485f75910VgnVCM2000001f4a900aRCRD&vgnextchannel=7911f073808fe410VgnVCM2000000c205a0aRCRD,CINE ACTIVIDADES AUDIOVISUALES,Jueves 29 de mayo de 2025,Biblioteca Pública Municipal María Lejárraga (Hortaleza). HORTALEZA
'Había una vez una iguana',/portales/munimadrid/es/Inicio/Cultura-ocio-y-deporte/-Habia-una-vez-una-iguana-/?vgnextfmt=default&vgnextoid=2b75528353436910VgnVCM2000001f4a900aRCRD&vgnextchannel=7911f073808fe410VgnVCM2000000c205a0aRCRD,"CUENTACUENTOS, TÍTERES Y MARIONETAS",Viernes 30 de mayo de 2025,Biblioteca Pública Municipal Ciudad Lineal (Ciudad Lineal). CIUDAD LINEAL
Espectáculo infantil: ` Pomp Art´,/portales/munimadrid/es/Inicio/Cultura-ocio-y-deporte/Espectaculo-infantil-Pomp-Art/?vgnextfmt=default&vgnextoid=3a58aa6408766910VgnVCM1000001d4a900aRCRD&vgnextchannel=7911f073808fe410VgnVCM2000000c205a0aRCRD,CIRCO MAGIA,Viernes 30 de mayo de 2025,Centro Sociocultural Bohemios (Villaverde). VILLAVERDE
La historia interminable,/portales/munimadrid/es/Inicio/Cultura-ocio-y-deporte/La-historia-interminable/?vgnextfmt=default&vgnextoid=29b8a194b1fa5910VgnVCM2000001f4a900aRCRD&vgnextchannel=7911f073808fe410VgnVCM2000000c205a0aRCRD,CINE ACTIVIDADES AUDIOVISUALES,Sábado 31 de mayo de 2025,Teatro Municipal de Vallecas. VILLA DE VALLECAS
Pequemonstro - Teatro de Carmen (Región de Murcia),/portales/munimadrid/es/Inicio/Cultura-ocio-y-deporte/Pequemonstro-Teatro-de-Carmen-Region-de-Murcia-/?vgnextfmt=default&vgnextoid=9da1e7bd62dc5910VgnVCM2000001f4a900aRCRD&vgnextchannel=7911f073808fe410VgnVCM2000000c205a0aRCRD,"CUENTACUENTOS, TÍTERES Y MARIONETAS, 
            
            MADRID DESTINO","Del sábado 31 de mayo de 2025
al domingo 1 de junio de 2025",Teatro Municipal de Títeres. Parque de El Retiro. RETIRO
Partida de rol: Cthulhu en la biblioteca,/portales/munimadrid/es/Inicio/Cultura-ocio-y-deporte/Partida-de-rol-Cthulhu-en-la-biblioteca/?vgnextfmt=default&vgnextoid=0def9aa342165910VgnVCM2000001f4a900aRCRD&vgnextchannel=7911f073808fe410VgnVCM2000000c205a0aRCRD,CURSOS Y TALLERES,Sábado 31 de mayo de 2025,Biblioteca Pública Municipal Iván de Vargas (Centro). CENTRO
La Sirenita,/portales/munimadrid/es/Inicio/Cultura-ocio-y-deporte/La-Sirenita/?vgnextfmt=default&vgnextoid=24d76267aec56910VgnVCM1000001d4a900aRCRD&vgnextchannel=7911f073808fe410VgnVCM2000000c205a0aRCRD,"MÚSICA, 
            
            TEATRO PERFOMANCE",Sábado 31 de mayo de 2025,Junta Municipal del Distrito de Usera. USERA
Pasaporte al espacio,/portales/munimadrid/es/Inicio/Cultura-ocio-y-deporte/Pasaporte-al-espacio/?vgnextfmt=default&vgnextoid=077403a1c2d56910VgnVCM1000001d4a900aRCRD&vgnextchannel=7911f073808fe410VgnVCM2000000c205a0aRCRD,CINE ACTIVIDADES AUDIOVISUALES,Sábado 31 de mayo de 2025,Centro Sociocultural San Fermín (Usera). USERA
Las Aventuras de Tintín: El Secreto del Unicornio”. (2011 Las Aventuras de Tintín: El Secreto del Unicornio – Eric Brevig).,/portales/munimadrid/es/Inicio/Cultura-ocio-y-deporte/Las-Aventuras-de-Tintin-El-Secreto-del-Unicornio-2011-Las-Aventuras-de-Tintin-El-Secreto-del-Unicornio-Eric-Brevig-/?vgnextfmt=default&vgnextoid=d430826e66266910VgnVCM1000001d4a900aRCRD&vgnextchannel=7911f073808fe410VgnVCM2000000c205a0aRCRD,Sin tipo,Sábado 31 de mayo de 2025,Centro Sociocultural Tetuán. TETUAN
¡Soy el chico/a del tiempo!,/portales/munimadrid/es/Inicio/Cultura-ocio-y-deporte/Soy-el-chico-a-del-tiempo-/?vgnextfmt=default&vgnextoid=7a86826e66266910VgnVCM1000001d4a900aRCRD&vgnextchannel=7911f073808fe410VgnVCM2000000c205a0aRCRD,CURSOS Y TALLERES,Sábado 31 de mayo de 2025,Centro de Educación Ambiental y Cultural Maris Stella (Usera). USERA
Tres historias tres - Ángeles de trapo (Andalucía),/portales/munimadrid/es/Inicio/Cultura-ocio-y-deporte/Tres-historias-tres-Angeles-de-trapo-Andalucia-/?vgnextfmt=default&vgnextoid=7a6dfc4d352d5910VgnVCM2000001f4a900aRCRD&vgnextchannel=7911f073808fe410VgnVCM2000000c205a0aRCRD,"CUENTACUENTOS, TÍTERES Y MARIONETAS, 
            
            MADRID DESTINO","Del sábado 7 de junio de 2025
al domingo 8 de junio de 2025",Teatro Municipal de Títeres. Parque de El Retiro. RETIRO
La Principita,/portales/munimadrid/es/Inicio/Cultura-ocio-y-deporte/La-Principita/?vgnextfmt=default&vgnextoid=74266762d68a5910VgnVCM1000001d4a900aRCRD&vgnextchannel=7911f073808fe410VgnVCM2000000c205a0aRCRD,TEATRO PERFOMANCE,Sábado 14 de junio de 2025,Centro Cultural Casa de Vacas (Retiro). RETIRO
Caperucita roja - El retablo (Madrid),/portales/munimadrid/es/Inicio/Cultura-ocio-y-deporte/Caperucita-roja-El-retablo-Madrid-/?vgnextfmt=default&vgnextoid=d30de7bd62dc5910VgnVCM2000001f4a900aRCRD&vgnextchannel=7911f073808fe410VgnVCM2000000c205a0aRCRD,"CUENTACUENTOS, TÍTERES Y MARIONETAS, 
            
            MADRID DESTINO","Del sábado 14 de junio de 2025
al domingo 15 de junio de 2025",Teatro Municipal de Títeres. Parque de El Retiro. RETIRO
Mari la mariquita,/portales/munimadrid/es/Inicio/Cultura-ocio-y-deporte/Mari-la-mariquita/?vgnextfmt=default&vgnextoid=a9a40b57897d5910VgnVCM1000001d4a900aRCRD&vgnextchannel=7911f073808fe410VgnVCM2000000c205a0aRCRD,Sin tipo,Domingo 15 de junio de 2025,Centro de Información y Educación Ambiental de El Huerto de El Retiro. RETIRO
Planeta Tierra - Títeres Sol y Tierra (Madrid),/portales/munimadrid/es/Inicio/Cultura-ocio-y-deporte/Planeta-Tierra-Titeres-Sol-y-Tierra-Madrid-/?vgnextfmt=default&vgnextoid=1cb6fc4d352d5910VgnVCM2000001f4a900aRCRD&vgnextchannel=7911f073808fe410VgnVCM2000000c205a0aRCRD,"CUENTACUENTOS, TÍTERES Y MARIONETAS","Del sábado 21 de junio de 2025
al domingo 22 de junio de 2025",Teatro Municipal de Títeres. Parque de El Retiro. RETIRO
Campamento del Price (7 y 8 años),/portales/munimadrid/es/Inicio/Cultura-ocio-y-deporte/Campamento-del-Price-7-y-8-anos-/?vgnextfmt=default&vgnextoid=2bd7c6d055f16910VgnVCM1000001d4a900aRCRD&vgnextchannel=7911f073808fe410VgnVCM2000000c205a0aRCRD,"CIRCO MAGIA, 
            
            CURSOS Y TALLERES, 
            
            CAMPAMENTOS","Del lunes 23 de junio de 2025
al viernes 18 de julio de 2025",Teatro Circo Price. ARGANZUELA
Campamento del Price (9 y 10 años),/portales/munimadrid/es/Inicio/Cultura-ocio-y-deporte/Campamento-del-Price-9-y-10-anos-/?vgnextfmt=default&vgnextoid=ebdb68a247f16910VgnVCM1000001d4a900aRCRD&vgnextchannel=7911f073808fe410VgnVCM2000000c205a0aRCRD,"CIRCO MAGIA, 
            
            CAMPAMENTOS","Del lunes 23 de junio de 2025
al viernes 18 de julio de 2025",Teatro Circo Price. ARGANZUELA
Campamento del Price (11 y 12 años),/portales/munimadrid/es/Inicio/Cultura-ocio-y-deporte/Campamento-del-Price-11-y-12-anos-/?vgnextfmt=default&vgnextoid=42dc68a247f16910VgnVCM1000001d4a900aRCRD&vgnextchannel=7911f073808fe410VgnVCM2000000c205a0aRCRD,"CURSOS Y TALLERES, 
            
            CAMPAMENTOS","Del lunes 23 de junio de 2025
al viernes 18 de julio de 2025",Teatro Circo Price. ARGANZUELA
Campamento de Verano 2025 -  Distrito de Villaverde,/portales/munimadrid/es/Inicio/Cultura-ocio-y-deporte/Campamento-de-Verano-2025-Distrito-de-Villaverde/?vgnextfmt=default&vgnextoid=50838bbda3026910VgnVCM2000001f4a900aRCRD&vgnextchannel=7911f073808fe410VgnVCM2000000c205a0aRCRD,CAMPAMENTOS,"Del lunes 23 de junio de 2025
al jueves 31 de julio de 2025",Sin lugar
Campamentos de verano 2025 en Puente de Vallecas,/portales/munimadrid/es/Inicio/Cultura-ocio-y-deporte/Campamentos-de-verano-2025-en-Puente-de-Vallecas/?vgnextfmt=default&vgnextoid=5c4cb1e2d1745910VgnVCM1000001d4a900aRCRD&vgnextchannel=7911f073808fe410VgnVCM2000000c205a0aRCRD,"ACTIVIDADES CALLE, ARTE URBANO, 
            
            CAMPAMENTOS","Del lunes 23 de junio de 2025
al viernes 5 de septiembre de 2025",Sin lugar
Verde que te quiero verde - Zaguán Teatro (Castilla La Mancha),/portales/munimadrid/es/Inicio/Cultura-ocio-y-deporte/Verde-que-te-quiero-verde-Zaguan-Teatro-Castilla-La-Mancha-/?vgnextfmt=default&vgnextoid=c173e7bd62dc5910VgnVCM2000001f4a900aRCRD&vgnextchannel=7911f073808fe410VgnVCM2000000c205a0aRCRD,"CUENTACUENTOS, TÍTERES Y MARIONETAS, 
            
            MADRID DESTINO","Del sábado 28 de junio de 2025
al domingo 29 de junio de 2025",Teatro Municipal de Títeres. Parque de El Retiro. RETIRO
Los más pequeños también plantamos,/portales/munimadrid/es/Inicio/Cultura-ocio-y-deporte/Los-mas-pequenos-tambien-plantamos/?vgnextfmt=default&vgnextoid=619e0b57897d5910VgnVCM1000001d4a900aRCRD&vgnextchannel=7911f073808fe410VgnVCM2000000c205a0aRCRD,Sin tipo,Domingo 29 de junio de 2025,Centro de Información y Educación Ambiental de El Huerto de El Retiro. RETIRO
Campamento urbano de verano en Usera,/portales/munimadrid/es/Inicio/Cultura-ocio-y-deporte/Campamento-urbano-de-verano-en-Usera/?vgnextfmt=default&vgnextoid=514e2e4d2e136910VgnVCM2000001f4a900aRCRD&vgnextchannel=7911f073808fe410VgnVCM2000000c205a0aRCRD,CAMPAMENTOS,"Del martes 1 de julio de 2025
al viernes 5 de septiembre de 2025",Sin lugar
